task,t,phase,status,v,w,tf_age,cpuset,f_small,f_big,f_prime,cpu_behavior_server,cpu_bridge,cpu_bt_navigator,cpu_controller_server,cpu_dds_server,cpu_gateway,cpu_lifecycle_manager,cpu_map_server,cpu_nav_runtime,cpu_planner_server,cpu_platform,cpu_proot,cpu_robot_state_publisher,cpu_sim,cpu_velocity_smoother,wait_behavior_server,wait_bridge,wait_bt_navigator,wait_controller_server,wait_dds_server,wait_gateway,wait_lifecycle_manager,wait_map_server,wait_nav_runtime,wait_planner_server,wait_platform,wait_proot,wait_robot_state_publisher,wait_sim,wait_velocity_smoother
1,1.1,静止,NAVIGATING,0.0,0.0,0,/moderate,2016,1536,1248,7.3,13.7,32.8,10.9,5.5,16.4,5.5,2.7,13.7,5.5,1.8,41.9,3.6,34.6,3.6,103.6,198.8,563.2,155.4,127.4,153.9,118.2,37.3,112.4,86.4,19.3,378.5,50.2,215.6,67.0
1,2.2,直行,NAVIGATING,0.32,0.0,0,/moderate,1555,2803,1248,2.7,19.2,10.1,11.0,0.0,12.8,0.0,0.0,18.3,1.8,1.8,17.4,0.9,43.0,3.7,17.0,174.0,67.0,69.5,6.9,24.9,0.0,0.0,91.4,7.1,0.6,126.5,5.0,194.8,14.9
1,3.3,直行,NAVIGATING,0.6,0.01,0,/moderate,1555,1286,1248,2.7,16.5,11.0,12.8,0.0,21.1,0.0,0.0,17.4,1.8,0.0,22.0,1.8,40.3,3.7,19.0,157.5,83.4,73.7,0.1,61.8,0.2,0.0,74.4,8.4,0.9,187.0,11.1,239.0,31.1
1,4.3,直行,NAVIGATING,0.6,0.01,0,/moderate,1555,1286,1248,3.7,18.4,10.1,12.0,0.0,14.7,0.0,0.0,18.4,1.8,0.0,18.4,0.9,40.5,2.8,14.3,177.2,76.6,80.5,2.2,29.8,0.6,0.0,75.8,8.1,0.6,127.4,4.4,174.9,26.2
1,5.4,直行,NAVIGATING,0.6,0.0,0,/moderate,1555,1286,1248,1.9,19.4,9.3,13.0,0.0,15.7,0.0,0.0,19.4,0.9,7.4,34.2,0.9,39.8,3.7,14.5,211.1,68.2,71.3,0.9,46.0,0.7,0.1,93.3,6.4,25.0,195.6,7.1,187.4,18.0
1,6.5,直行,NAVIGATING,0.6,0.0,0,/moderate,1555,1286,1248,3.7,16.6,10.1,11.0,0.0,18.4,0.9,0.0,19.3,1.8,0.9,23.9,1.8,40.5,3.7,15.5,140.8,67.9,54.5,0.5,30.4,1.1,0.0,96.6,5.8,1.9,132.1,6.0,130.8,16.6
1,7.6,直行,NAVIGATING,0.6,0.0,0,/moderate,2016,1286,1248,1.8,18.5,10.2,12.0,0.0,12.9,0.0,0.0,19.4,1.8,0.0,15.7,1.8,40.6,2.8,17.2,147.6,57.2,66.4,0.7,27.0,0.1,0.0,84.6,8.3,14.2,132.0,8.3,141.9,23.4
1,8.7,直行,NAVIGATING,0.58,0.0,0,/moderate,1555,1286,1248,3.7,17.4,10.1,9.2,0.9,19.3,0.0,0.0,19.3,1.8,2.8,23.8,0.9,39.4,2.8,12.0,195.8,74.9,86.0,2.3,65.8,0.3,0.1,66.0,9.3,7.3,146.9,5.5,144.4,22.8
1,9.8,直行,NAVIGATING,0.27,0.0,0,/moderate,1555,1286,1248,2.7,18.3,11.0,10.0,0.0,12.8,0.0,0.0,19.2,0.9,0.9,17.4,0.9,43.8,4.6,13.8,190.5,86.1,71.8,1.8,28.5,0.1,0.0,91.9,8.8,1.6,138.8,9.2,222.2,24.6
1,10.9,静止,NAVIGATING,0.0,0.0,0,/moderate,1555,1286,1248,2.8,14.7,8.3,6.5,0.0,17.5,0.0,0.0,16.6,1.8,16.6,50.7,1.8,35.0,1.8,22.2,202.5,68.2,45.4,1.0,64.1,1.9,0.0,75.7,6.9,76.6,237.1,7.7,154.8,26.5
1,11.9,进站,NAVIGATING,0.2,0.0,0,/moderate,1555,2803,1248,2.8,17.6,9.2,20.3,0.0,11.1,0.0,0.0,17.6,1.8,3.7,24.0,1.8,38.8,3.7,16.0,160.3,87.7,58.6,1.1,22.6,1.3,0.1,54.5,12.7,28.4,182.3,11.2,159.8,19.5
1,13.0,进站,NAVIGATING,0.2,0.0,0,/moderate,1555,2803,1248,2.8,18.4,11.0,8.3,0.0,20.2,0.0,0.0,16.5,0.9,1.8,27.6,0.9,39.5,2.8,22.1,184.7,80.6,58.5,0.9,62.4,0.8,0.2,92.9,7.4,2.7,155.8,7.7,176.3,22.4
1,14.1,进站,NAVIGATING,0.05,0.0,0,/moderate,1555,1286,1248,2.8,18.3,10.1,9.2,0.0,11.0,0.9,0.0,20.2,1.8,0.9,13.8,1.8,40.4,3.7,24.2,176.6,68.3,57.3,0.2,25.6,0.1,0.0,84.9,6.7,0.9,125.9,5.0,159.6,19.9
1,15.2,静止,NAVIGATING,0.01,0.0,0,/moderate,1555,1286,1248,2.7,16.5,11.0,8.2,0.9,20.1,0.0,0.0,18.3,1.8,0.0,24.7,0.9,41.2,2.7,19.1,155.5,83.0,54.0,0.1,55.6,0.3,0.1,90.1,17.0,2.3,177.5,6.4,193.8,22.0
1,16.3,静止,NAVIGATING,0.0,0.0,0,/moderate,1555,1286,1248,2.7,18.3,10.1,7.3,0.0,12.8,0.0,0.0,16.5,1.8,5.5,26.6,1.8,40.3,2.7,12.7,182.7,100.5,62.3,1.8,31.9,0.7,0.2,83.3,9.6,28.5,135.6,12.4,227.3,27.8
1,17.4,静止,ARRIVED,0.0,0.0,0,/moderate,1555,1286,1248,2.8,15.8,7.4,17.6,0.0,16.7,0.0,0.0,14.9,0.9,1.9,26.0,0.9,38.1,2.8,20.0,161.2,0.0,0.0,4.7,85.8,0.1,0.1,64.9,9.5,8.3,153.2,8.7,179.2,18.5
2,1.0,静止,NAVIGATING,0.0,0.0,0,/moderate,1555,1286,1248,3.7,17.4,11.0,9.2,0.0,19.2,0.0,0.0,16.5,2.7,0.9,21.1,1.8,40.3,3.7,15.9,144.9,79.4,52.3,0.2,47.1,0.1,0.0,58.8,9.8,3.8,126.7,5.5,130.8,13.2
2,2.1,转向,NAVIGATING,0.0,0.6,0,/moderate,1555,1286,1248,2.7,18.3,10.1,8.2,0.0,14.6,0.0,0.0,17.4,0.9,0.9,18.3,0.9,42.9,2.7,15.7,158.6,79.5,49.0,0.4,42.0,0.1,0.0,59.0,17.5,3.8,116.4,7.6,130.0,21.3
2,3.2,转向,NAVIGATING,0.0,0.6,0,/moderate,1555,1286,1248,2.8,16.5,11.9,8.3,0.0,20.2,0.0,0.0,19.3,1.8,0.9,24.8,0.9,40.4,2.8,22.3,177.4,95.0,62.0,0.9,55.7,0.1,0.0,119.6,9.7,4.6,157.8,7.8,209.4,23.0
2,4.3,转向,NAVIGATING,0.0,0.6,0,/moderate,1344,1286,1248,2.8,16.6,10.2,7.4,0.0,12.0,0.0,0.0,21.2,1.8,9.2,23.1,1.8,39.7,3.7,23.0,180.1,102.5,62.5,0.6,37.5,3.2,0.0,84.2,14.5,27.3,180.8,7.4,198.9,28.2
2,5.4,转向,NAVIGATING,0.0,0.6,0,/moderate,1459,1286,1248,2.7,16.5,10.1,8.2,0.0,20.1,0.0,0.0,17.4,0.9,0.9,25.6,1.8,40.2,2.7,13.9,137.2,72.6,58.2,0.7,52.3,0.6,0.1,61.5,8.4,2.0,160.9,7.3,160.7,24.0
2,6.5,转向,NAVIGATING,0.01,0.42,0,/moderate,1555,1286,1248,2.8,18.5,11.1,8.3,0.9,12.0,0.0,0.0,20.3,1.8,0.0,11.1,0.9,41.5,3.7,15.2,119.2,62.6,48.5,1.2,24.4,0.6,0.1,76.5,9.2,3.3,160.0,10.7,146.1,22.6
2,7.5,静止,NAVIGATING,0.0,0.06,0,/moderate,1555,2803,1248,2.8,16.6,10.2,7.4,0.0,22.2,0.9,0.0,17.6,0.9,0.9,29.6,0.9,40.7,2.8,20.1,151.1,77.5,54.6,0.9,55.1,0.2,0.0,82.6,6.4,3.5,174.3,6.4,193.1,31.5
2,8.6,静止,NAVIGATING,0.0,0.0,0,/moderate,1785,1286,1248,2.8,17.5,10.1,9.2,0.0,12.9,0.0,0.0,17.5,2.8,1.8,16.5,1.8,42.3,3.7,26.8,222.0,107.2,66.7,0.1,22.7,1.1,0.3,96.5,7.4,32.6,170.0,9.6,243.8,37.1
2,9.7,直行,NAVIGATING,0.14,0.03,0,/moderate,1555,1286,1248,3.7,16.6,11.1,11.1,0.0,18.5,0.9,0.0,14.8,0.9,6.5,31.4,0.9,41.6,2.8,16.0,187.3,79.0,72.8,7.4,57.8,0.2,0.1,89.5,6.6,38.3,202.5,10.4,251.2,29.5
2,10.8,直行,NAVIGATING,0.6,0.01,0,/moderate,1785,1286,1248,1.8,17.4,11.0,12.8,0.0,12.8,0.0,0.0,18.3,0.9,0.9,15.6,1.8,42.1,2.7,20.5,156.4,93.8,97.1,0.8,41.0,0.5,0.0,76.2,11.7,17.8,121.7,10.0,245.6,23.4
2,11.9,直行,NAVIGATING,0.6,0.0,0,/moderate,1555,1286,1248,3.7,17.4,10.0,13.7,0.0,18.3,0.0,0.0,19.2,1.8,0.9,25.6,0.9,40.2,2.7,19.6,175.1,81.6,88.4,0.9,54.1,0.1,0.1,82.6,8.8,4.9,201.2,7.9,276.1,32.5
2,13.0,直行,NAVIGATING,0.6,0.0,0,/moderate,1555,1286,1248,2.7,16.4,10.0,12.8,0.9,18.3,0.0,0.0,17.4,1.8,0.9,22.8,1.8,39.3,4.6,24.3,174.1,92.4,96.2,4.1,44.0,1.5,0.0,102.5,16.4,1.9,145.5,9.6,209.3,31.1
2,14.1,直行,NAVIGATING,0.6,0.0,0,/moderate,1785,1286,1248,2.7,18.1,11.8,13.6,0.0,14.5,0.0,0.0,19.0,0.9,0.0,18.1,0.9,42.6,2.7,16.2,173.4,73.5,68.1,0.9,70.5,0.1,0.0,82.3,6.4,3.0,171.0,8.0,188.9,21.8
2,15.2,直行,NAVIGATING,0.6,0.01,0,/moderate,1228,1286,1248,1.8,15.6,10.1,12.0,0.9,21.1,0.9,0.0,18.4,2.8,8.3,31.3,1.8,37.7,3.7,16.8,160.0,68.9,76.7,1.1,45.0,0.7,0.1,87.5,7.0,31.3,154.4,10.7,248.7,16.3
2,16.3,直行,NAVIGATING,0.59,0.17,0,/moderate,1555,1286,1248,3.7,16.5,10.1,13.8,0.0,12.8,0.0,0.0,19.3,1.8,0.9,18.3,0.9,42.2,1.8,15.3,139.3,58.1,91.1,1.4,42.8,0.8,0.0,86.9,10.8,4.0,155.3,6.2,205.1,26.9
2,17.4,直行,NAVIGATING,0.6,0.55,0,/moderate,1459,1286,1248,2.8,16.5,10.1,11.9,0.0,21.1,0.0,0.9,19.3,0.9,0.9,23.0,1.8,41.3,2.8,12.6,155.7,64.3,60.3,0.1,49.4,0.2,0.0,89.7,9.4,2.8,150.8,6.4,155.6,19.1
2,18.5,直行,NAVIGATING,0.6,0.55,0,/moderate,1900,1286,1248,2.7,18.3,10.1,13.7,0.0,11.0,0.0,0.0,21.0,0.9,0.0,15.5,1.8,41.2,2.7,15.1,196.6,77.6,85.9,0.4,33.0,1.0,0.1,81.4,14.7,2.0,133.8,9.0,172.5,19.3
2,19.5,直行,NAVIGATING,0.61,0.18,0,/moderate,1555,2803,1248,2.8,15.8,9.3,11.1,0.0,21.4,0.0,0.0,19.5,1.9,8.4,30.7,0.9,38.1,3.7,18.0,154.0,104.5,113.4,0.6,52.9,0.4,0.0,97.4,11.4,37.7,169.1,8.0,262.4,32.2
2,20.6,直行,NAVIGATING,0.6,0.03,0,/moderate,1555,1286,1248,2.8,17.5,11.0,12.9,0.0,12.9,0.0,0.0,20.2,1.8,0.9,20.2,0.9,41.3,2.8,19.8,215.8,98.8,96.2,0.0,30.4,0.5,0.0,94.6,11.8,0.0,136.7,16.1,218.1,36.2
2,21.7,直行,NAVIGATING,0.6,0.01,0,/moderate,1555,1286,1248,3.7,16.5,10.1,12.8,0.9,19.2,0.0,0.0,19.2,0.9,0.0,23.8,1.8,42.1,3.7,16.1,134.0,65.5,67.7,0.5,36.3,0.1,0.1,48.9,6.5,8.0,138.0,8.2,187.0,16.3
2,22.8,直行,NAVIGATING,0.6,0.0,0,/moderate,1555,1286,1248,1.8,18.5,11.1,11.1,0.0,12.9,0.9,0.0,18.5,2.8,0.9,17.6,0.9,41.6,2.8,13.0,137.4,70.6,66.1,1.7,23.3,2.7,0.2,66.6,11.5,1.3,114.3,7.5,146.5,31.2
2,23.9,直行,NAVIGATING,0.6,0.0,0,/moderate,1555,1286,1248,2.8,15.7,10.2,11.1,0.0,19.5,0.0,0.0,19.5,0.9,0.0,25.9,1.9,39.8,3.7,12.9,121.1,81.0,77.0,0.3,36.7,0.1,0.0,75.6,10.3,1.7,191.8,9.0,173.7,29.7
2,25.0,直行,NAVIGATING,0.32,0.0,0,/moderate,1555,1286,1248,2.8,16.6,10.1,9.2,0.0,14.7,0.0,0.0,17.5,0.9,9.2,28.5,0.9,39.6,2.8,15.6,176.4,112.7,78.9,0.5,37.4,0.4,0.0,77.6,6.8,27.9,176.5,9.8,185.6,31.9
2,26.1,静止,NAVIGATING,0.0,0.0,0,/moderate,1555,1286,1248,2.7,17.4,9.2,8.2,0.0,14.7,0.9,0.0,18.3,1.8,0.9,20.2,1.8,41.2,3.7,17.2,169.9,109.3,53.3,1.1,65.4,0.3,0.0,74.7,12.6,8.4,206.6,6.5,152.4,21.8
2,27.1,进站,NAVIGATING,0.2,0.01,0,/moderate,1555,1286,1248,4.6,16.6,10.1,18.4,0.0,21.2,0.0,0.0,17.5,1.8,0.9,26.7,0.9,38.7,2.8,11.6,159.2,62.6,60.9,0.2,78.3,0.3,0.0,90.3,11.0,5.2,130.1,17.3,234.3,23.9
2,28.2,进站,NAVIGATING,0.2,0.0,0,/moderate,1555,1286,1248,1.8,17.5,11.0,8.3,0.0,13.8,0.0,0.0,19.3,1.8,0.9,17.5,0.9,43.3,2.8,15.7,145.9,95.7,61.4,2.7,24.0,0.1,0.0,89.7,12.8,2.5,150.7,8.9,181.2,24.8
2,29.3,进站,NAVIGATING,0.08,0.0,0,/moderate,1555,1286,1248,2.7,17.4,10.1,9.2,0.0,21.1,0.0,0.0,20.2,0.9,0.9,23.8,1.8,40.3,3.7,12.0,164.8,84.8,61.1,0.3,45.9,0.1,0.0,90.9,10.8,2.3,170.2,7.0,213.7,23.1
2,30.4,静止,NAVIGATING,0.01,0.0,0,/moderate,1555,1286,1248,2.7,16.3,10.0,8.2,0.0,12.7,0.0,0.0,18.2,1.8,7.3,21.8,1.8,39.0,3.6,9.0,162.0,106.8,60.1,2.0,34.0,0.4,0.0,84.0,7.0,16.3,149.8,13.5,206.5,40.5
2,31.5,静止,NAVIGATING,0.0,0.0,0,/moderate,1555,2803,1248,2.8,16.6,11.1,7.4,0.9,20.3,0.0,0.0,17.5,1.8,0.9,28.5,0.9,39.6,2.8,10.2,166.3,69.7,47.2,0.7,34.5,0.3,0.2,42.4,9.5,6.0,126.8,8.4,154.4,29.6
2,32.6,静止,ARRIVED,0.0,0.0,0,/moderate,1555,2188,3360,3.7,18.4,9.2,17.5,0.0,12.9,0.0,0.0,15.7,1.8,1.8,12.9,1.8,39.6,3.7,36.1,176.7,0.0,0.0,0.1,52.4,0.6,0.0,69.8,10.5,1.4,131.7,6.7,177.4,21.9
3,1.0,静止,NAVIGATING,0.0,0.0,0,/moderate,1459,1286,1248,2.7,16.5,11.0,8.2,0.0,21.1,0.0,0.0,17.4,0.9,0.0,27.5,0.9,42.2,2.7,12.7,150.5,78.1,64.7,0.2,38.3,0.1,0.0,38.6,9.3,2.2,125.0,7.4,126.8,15.6
3,2.1,转向,NAVIGATING,0.0,0.6,0,/moderate,1459,1286,1248,2.7,19.2,10.1,8.2,0.9,13.7,0.9,0.0,18.3,1.8,0.0,17.4,0.9,43.0,3.7,23.1,179.6,93.5,71.5,0.7,29.6,0.4,0.0,62.8,8.9,2.1,105.4,7.2,188.4,22.0
3,3.2,转向,NAVIGATING,0.0,0.6,0,/moderate,1555,1286,1248,2.8,16.7,11.1,8.3,0.0,18.5,0.9,0.0,19.5,1.9,9.3,31.5,1.9,38.9,1.9,16.1,174.1,95.8,70.5,1.5,81.1,0.1,0.0,104.0,8.5,32.2,243.4,17.0,194.5,19.0
3,4.3,转向,NAVIGATING,0.0,0.6,0,/moderate,2016,1286,1248,2.8,17.6,11.1,8.3,0.0,15.8,0.9,0.0,19.5,1.9,0.0,17.6,0.9,43.6,4.6,12.7,173.5,82.6,48.9,0.7,29.0,0.4,0.0,72.6,7.3,1.1,89.5,7.4,209.0,14.9
3,5.4,转向,NAVIGATING,0.0,0.6,0,/moderate,1555,614,864,2.7,17.4,10.0,8.2,0.0,16.4,0.0,0.0,20.1,0.9,0.0,22.8,0.9,41.1,3.7,12.5,150.3,65.2,57.6,0.7,42.5,0.4,0.1,77.4,9.0,3.3,162.4,6.9,184.3,18.3
3,6.5,转向,NAVIGATING,0.01,0.45,0,/moderate,2016,2592,864,2.7,16.4,10.0,7.3,0.0,23.7,0.0,0.0,17.3,1.8,1.8,20.1,1.8,44.7,2.7,14.2,170.9,100.6,72.9,0.4,56.8,0.6,0.0,89.1,7.0,2.1,130.7,9.6,232.1,42.8
3,7.5,静止,NAVIGATING,0.0,0.06,0,/moderate,2016,1286,1248,3.7,17.4,9.2,8.3,0.0,11.9,0.0,0.0,18.3,1.8,1.8,16.5,0.9,44.0,3.7,22.7,219.5,101.2,66.8,1.3,36.0,0.0,0.0,88.6,27.8,13.8,159.3,14.1,242.5,34.1
3,8.6,静止,NAVIGATING,0.0,0.0,0,/moderate,1555,1286,1248,1.8,17.5,10.1,8.3,0.0,20.3,0.0,0.0,17.5,0.9,5.5,31.3,1.8,39.6,2.8,23.4,189.9,77.2,60.5,0.2,57.4,0.8,0.0,83.4,15.5,33.9,147.2,13.8,269.3,21.4
3,9.7,直行,NAVIGATING,0.23,0.04,0,/moderate,1900,1286,1248,2.8,17.5,11.0,10.1,0.0,13.8,0.0,0.0,16.6,1.8,0.9,16.6,0.9,41.4,3.7,16.6,170.9,69.0,78.6,0.4,18.6,1.8,0.1,63.5,10.4,1.3,144.9,7.8,189.6,18.9
3,10.8,直行,NAVIGATING,0.6,0.0,0,/moderate,1670,2803,1248,2.7,17.4,9.1,12.8,0.0,20.1,0.0,0.0,19.2,1.8,1.8,25.6,1.8,39.3,2.7,15.9,184.6,62.7,70.4,0.5,54.6,1.0,0.0,117.5,7.8,3.7,165.5,15.7,197.5,23.9
3,11.9,直行,NAVIGATING,0.6,0.0,0,/moderate,1555,2803,1248,2.7,17.3,10.9,11.8,0.0,12.7,0.0,0.0,18.2,1.8,0.0,18.2,0.9,42.7,3.6,10.2,158.4,39.4,63.1,0.1,38.3,1.1,0.0,66.8,4.5,0.3,87.5,8.1,134.4,10.2
3,13.0,直行,NAVIGATING,0.6,0.0,0,/moderate,1555,1286,1248,2.7,15.5,10.0,11.9,0.9,18.3,0.0,0.0,18.3,0.9,8.2,28.3,0.9,39.3,3.7,25.9,191.5,91.4,78.4,0.9,41.1,0.1,0.0,92.1,13.6,26.1,157.3,5.6,195.9,24.9
3,14.1,直行,NAVIGATING,0.6,0.0,0,/moderate,1555,1286,1248,2.7,18.3,10.1,11.9,0.0,13.7,0.9,0.0,19.2,1.8,0.0,12.8,1.8,39.3,2.7,12.3,174.7,96.2,89.4,0.8,24.9,1.0,0.0,87.8,11.3,3.8,106.8,7.4,149.6,16.4
3,15.2,直行,NAVIGATING,0.6,0.0,0,/moderate,1555,1286,1248,2.8,15.8,10.2,13.0,0.0,20.4,0.0,0.0,18.6,1.9,0.9,27.9,0.9,41.8,3.7,16.3,147.7,76.5,65.5,1.0,40.0,0.2,0.1,64.6,9.8,3.3,121.8,9.7,157.3,13.8
3,16.3,直行,NAVIGATING,0.59,0.24,0,/moderate,1555,1286,1248,2.8,17.5,10.1,12.9,0.0,14.8,0.0,0.0,19.4,0.9,0.9,17.5,0.9,42.4,2.8,14.0,176.0,85.1,84.9,0.4,39.1,0.1,0.0,92.1,8.3,1.8,121.7,10.4,202.9,17.7
3,17.3,直行,NAVIGATING,0.59,0.55,0,/moderate,1555,1286,1248,2.8,17.5,9.2,12.9,0.0,17.5,0.0,0.0,20.3,0.9,0.0,24.0,1.8,43.3,2.8,12.4,165.7,64.7,85.1,0.9,68.9,0.4,0.0,92.4,5.1,0.5,161.0,9.6,234.9,21.1
3,18.4,直行,NAVIGATING,0.6,0.54,0,/moderate,1555,1286,1248,3.7,15.7,11.1,12.0,0.9,19.4,0.0,0.0,18.5,1.8,7.4,29.6,0.9,37.9,3.7,23.2,160.7,85.0,88.9,0.4,52.0,0.5,0.0,74.7,21.5,21.8,160.7,12.0,221.8,21.6
3,19.5,直行,NAVIGATING,0.61,0.16,0,/moderate,1555,1286,1248,1.8,16.4,10.0,11.9,0.0,13.7,0.0,0.0,21.9,1.8,1.8,17.3,0.9,40.2,2.7,20.6,146.6,84.4,75.3,0.5,22.5,1.6,0.0,115.3,6.9,3.4,158.4,5.5,238.2,28.5
3,20.6,直行,NAVIGATING,0.6,0.05,0,/moderate,1459,1286,1248,2.8,18.4,9.2,12.9,0.9,19.3,0.9,0.0,17.4,1.8,0.0,23.9,1.8,39.5,3.7,11.8,116.3,67.9,58.9,0.3,55.5,1.2,0.0,78.8,8.4,0.9,143.6,5.9,163.3,15.4
3,21.7,直行,NAVIGATING,0.6,0.0,0,/moderate,1344,1286,1248,3.7,16.5,10.1,11.9,0.0,12.8,0.0,0.0,19.2,0.9,0.9,16.5,0.9,41.2,3.7,16.2,140.8,68.0,81.2,1.3,15.8,1.4,0.1,77.0,9.3,3.0,139.0,6.0,181.1,19.8
3,22.8,直行,NAVIGATING,0.6,0.0,0,/moderate,1555,2803,1248,2.8,16.5,10.1,11.0,0.0,20.2,0.0,0.0,19.3,1.8,0.9,23.9,1.8,38.5,2.8,15.1,134.6,55.1,43.7,0.7,36.5,0.3,0.0,60.6,5.3,1.4,98.5,7.1,146.4,18.9
3,23.9,直行,NAVIGATING,0.59,0.01,0,/moderate,1555,2803,1248,1.8,13.7,8.2,9.1,0.0,11.9,0.0,0.0,18.2,1.8,21.0,47.4,1.8,34.7,3.6,18.0,124.2,68.4,76.3,0.2,45.8,0.5,0.0,85.9,9.7,65.2,209.9,16.1,132.5,19.8
3,25.0,直行,NAVIGATING,0.28,0.0,0,/moderate,1555,1286,1248,2.8,17.5,11.0,10.1,0.0,19.3,0.0,0.0,18.4,0.9,0.9,25.7,0.9,39.5,1.8,12.4,179.8,61.1,52.8,0.6,39.1,0.3,0.1,88.0,12.5,2.1,170.9,7.9,159.4,18.2
3,26.1,静止,NAVIGATING,0.0,0.0,0,/moderate,1670,1286,1248,2.8,19.4,10.2,7.4,0.0,12.9,0.0,0.0,19.4,1.8,0.0,15.7,1.8,42.5,4.6,14.6,176.0,62.6,45.3,0.7,45.8,0.7,0.2,115.8,7.7,3.8,124.4,10.4,168.3,30.5
3,27.1,进站,NAVIGATING,0.2,0.0,0,/moderate,1555,1286,1248,2.8,16.5,9.2,18.4,0.9,19.3,0.0,0.0,17.5,1.8,0.9,24.8,0.9,39.5,2.8,14.5,148.5,113.5,69.7,1.3,64.8,0.1,0.1,76.7,13.7,3.1,180.0,14.6,221.3,17.0
3,28.2,进站,NAVIGATING,0.2,0.0,0,/moderate,1555,1286,1248,2.7,18.3,11.0,8.2,0.0,12.8,0.0,0.0,18.3,0.9,0.9,17.4,0.9,42.1,3.7,19.9,152.4,88.3,56.8,0.1,34.2,0.7,0.0,70.9,6.6,2.5,132.5,8.6,163.0,20.4
3,29.3,进站,NAVIGATING,0.05,0.0,0,/moderate,1555,1286,1248,2.7,16.4,10.0,8.2,0.0,18.3,0.9,0.0,19.2,1.8,7.3,30.1,1.8,41.1,2.7,9.8,182.4,86.8,63.2,1.4,63.4,0.4,0.0,86.0,8.9,24.0,140.0,5.9,168.9,22.7
3,30.4,静止,NAVIGATING,0.01,0.0,0,/moderate,1555,1286,1248,3.7,18.5,11.1,7.4,0.0,19.4,0.9,0.0,19.4,1.8,0.9,24.0,0.9,38.8,3.7,12.8,165.7,84.1,61.3,0.3,53.4,0.2,0.1,112.5,11.1,5.4,109.4,7.4,179.3,18.0
3,31.5,静止,NAVIGATING,0.0,0.0,0,/moderate,1555,1286,1248,3.7,17.6,10.2,9.2,0.0,14.8,0.0,0.0,17.6,0.9,0.9,18.5,1.8,41.6,2.8,19.9,162.3,80.2,45.0,0.6,41.1,0.2,0.0,81.9,12.2,9.0,146.9,9.0,169.0,32.9
3,32.6,静止,ARRIVED,0.0,0.0,0,/moderate,1555,1286,1248,2.8,15.6,7.4,13.8,0.0,21.1,0.0,0.0,15.6,1.8,0.9,22.1,0.9,39.5,2.8,12.0,171.4,0.0,0.0,0.2,56.8,0.1,0.0,64.4,7.6,0.8,134.7,13.8,187.6,19.6
4,1.0,静止,NAVIGATING,0.0,0.0,0,/moderate,1555,1286,1248,2.8,17.5,11.0,9.2,0.0,12.0,0.0,0.0,15.6,1.8,0.9,18.4,1.8,42.3,2.8,18.3,134.8,91.4,60.2,0.1,19.1,0.1,0.0,46.9,10.7,0.8,129.4,6.4,129.0,26.4
4,2.1,转向,NAVIGATING,0.0,0.6,0,/moderate,1555,1286,1248,1.8,15.7,10.1,7.4,0.0,20.3,0.0,0.0,18.4,1.8,8.3,31.3,0.9,37.8,3.7,12.8,148.9,91.1,54.7,0.5,59.7,1.9,0.3,73.9,8.8,36.8,172.0,10.9,203.1,20.7
4,3.2,转向,NAVIGATING,0.0,0.6,0,/moderate,1900,2803,1248,2.8,18.5,11.1,8.3,0.0,14.8,0.9,0.0,20.4,1.9,2.8,19.5,0.9,43.6,3.7,21.2,149.9,66.5,66.8,0.1,29.8,0.6,0.0,66.8,7.0,44.6,125.2,7.2,188.6,22.0
4,4.3,转向,NAVIGATING,0.0,0.6,0,/moderate,1555,2803,1248,2.8,17.5,10.1,8.3,0.9,19.4,0.0,0.0,19.4,0.9,0.0,24.9,1.8,40.6,2.8,11.5,139.5,55.0,48.4,0.2,36.2,0.1,0.0,72.7,6.6,2.2,148.7,11.2,155.5,31.4
4,5.4,转向,NAVIGATING,0.0,0.6,0,/moderate,1555,1286,1248,2.7,18.3,10.1,9.1,0.0,12.8,0.9,0.0,20.1,1.8,0.9,19.2,0.9,42.1,3.7,14.5,127.8,50.4,44.6,0.8,24.4,1.1,0.0,83.7,5.4,1.3,100.2,10.2,153.7,27.1
4,6.5,转向,NAVIGATING,0.01,0.44,0,/moderate,1555,1286,1248,3.6,16.4,10.0,7.3,0.9,20.1,0.0,0.0,19.1,1.8,1.8,24.6,1.8,40.1,3.6,22.1,168.1,86.2,61.0,0.2,41.3,0.1,0.1,72.7,14.3,3.2,179.4,8.4,200.8,28.7
4,7.6,静止,NAVIGATING,0.0,0.07,0,/moderate,1555,1286,1248,2.7,16.4,10.0,8.2,0.0,11.9,0.0,0.0,18.2,0.9,7.3,20.1,1.8,39.2,2.7,16.7,134.0,65.0,52.5,13.1,31.7,0.3,0.1,88.3,8.2,16.7,131.9,6.1,142.0,17.7
4,8.7,静止,NAVIGATING,0.0,0.0,0,/moderate,1785,1286,1248,2.7,17.2,10.9,8.1,0.0,19.9,0.0,0.0,19.0,2.7,0.0,23.5,0.9,40.7,2.7,13.2,141.5,58.5,54.9,2.0,48.4,0.6,0.0,81.6,8.0,0.9,141.9,8.6,133.2,13.8
4,9.7,直行,NAVIGATING,0.19,0.03,0,/moderate,1555,1286,1248,2.7,16.5,9.2,10.1,0.0,17.4,0.0,0.0,15.6,0.9,0.9,22.0,0.9,42.1,3.7,12.9,157.5,83.1,58.0,0.8,59.8,0.6,0.1,88.6,18.0,1.1,144.1,6.2,194.6,23.7
4,10.9,直行,NAVIGATING,0.6,0.01,0,/moderate,1670,1286,1248,2.7,16.3,10.0,12.7,0.0,15.4,0.0,0.0,19.9,1.8,1.8,19.9,0.9,40.7,2.7,16.1,248.9,78.2,75.6,0.7,46.9,0.0,0.0,79.2,6.5,9.9,151.8,8.8,209.5,26.7
4,11.9,直行,NAVIGATING,0.6,0.01,0,/moderate,1555,1286,1248,2.8,15.7,10.2,11.1,0.0,20.3,0.0,0.0,18.5,1.8,6.5,31.4,1.8,39.7,3.7,10.8,146.8,62.5,68.0,0.7,36.7,0.4,0.0,91.6,8.2,26.9,157.4,6.9,242.0,17.6
4,13.0,直行,NAVIGATING,0.6,0.01,0,/moderate,1785,1286,1248,2.8,19.4,10.2,13.9,0.9,13.9,0.0,0.0,19.4,1.8,0.9,17.6,1.8,43.5,2.8,17.3,157.9,62.6,82.0,1.0,25.6,0.4,0.3,72.5,10.0,3.9,133.7,8.4,158.5,13.5
4,14.1,直行,NAVIGATING,0.6,0.0,0,/moderate,1555,1286,1248,3.7,16.6,9.2,12.9,0.0,19.4,0.0,0.0,19.4,0.9,0.9,24.0,0.0,39.7,3.7,15.4,193.1,71.3,84.4,2.1,30.2,0.5,0.0,67.9,9.6,1.4,128.5,6.1,168.0,15.5
4,15.2,直行,NAVIGATING,0.6,0.0,0,/moderate,1555,2803,1248,1.8,17.5,11.0,14.7,0.0,13.8,0.9,0.0,21.2,1.8,0.9,16.6,1.8,41.4,2.8,13.9,155.7,95.3,81.9,0.2,19.9,1.6,0.0,95.5,7.6,3.9,156.6,8.4,180.7,19.1
4,16.3,直行,NAVIGATING,0.59,0.22,0,/moderate,1555,2803,1248,3.7,16.5,10.1,11.9,0.0,19.2,0.0,0.0,19.2,0.9,0.9,24.7,1.8,40.2,3.7,17.3,202.1,58.3,74.0,1.0,47.3,0.2,0.2,77.6,14.0,9.8,151.3,7.2,176.3,22.1
4,17.4,直行,NAVIGATING,0.6,0.54,0,/moderate,1459,1286,1248,2.8,17.4,10.1,12.8,0.0,11.9,0.0,0.0,20.2,1.8,6.4,23.9,0.9,39.5,3.7,22.0,158.7,71.8,63.4,0.6,25.1,0.4,0.0,90.4,10.2,16.3,105.4,7.2,140.8,17.2
4,18.5,直行,NAVIGATING,0.6,0.54,0,/moderate,1555,1286,1248,2.7,15.6,10.1,11.9,0.0,20.1,0.0,0.0,20.1,1.8,1.8,23.8,1.8,39.4,1.8,10.5,135.0,82.0,59.4,0.1,44.1,0.1,0.1,76.4,5.5,1.8,122.0,7.4,159.7,14.4
4,19.6,直行,NAVIGATING,0.61,0.17,0,/moderate,1555,1286,1248,2.7,17.3,9.1,11.8,0.9,13.6,0.0,0.0,20.0,0.9,0.9,17.3,0.9,43.7,3.6,16.2,183.6,86.5,75.1,0.7,22.2,1.4,0.0,87.1,11.7,10.3,131.9,9.5,216.3,21.7
4,20.7,直行,NAVIGATING,0.6,0.05,0,/moderate,1555,1286,1248,1.8,16.5,10.1,11.9,0.0,20.2,0.0,0.0,18.3,1.8,0.0,24.8,1.8,41.3,2.8,14.7,180.3,55.8,66.5,5.8,57.5,0.3,0.4,96.1,9.6,1.9,131.0,5.5,186.8,16.0
4,21.7,直行,NAVIGATING,0.6,0.01,0,/moderate,1555,1286,1248,3.7,16.6,10.2,12.0,0.0,17.6,0.0,0.0,20.3,1.8,0.9,21.3,0.9,40.7,3.7,18.8,173.3,84.0,78.2,0.3,42.8,0.3,0.0,90.2,10.7,3.7,182.4,13.2,210.3,16.1
4,22.8,直行,NAVIGATING,0.6,0.01,0,/moderate,1555,1286,1248,2.7,17.3,10.0,10.0,0.0,14.5,0.0,0.0,19.1,1.8,9.1,25.5,0.9,40.9,2.7,33.8,145.6,82.6,70.6,0.3,50.5,0.8,0.0,86.5,9.7,28.8,170.4,7.1,186.6,10.6
4,23.9,直行,NAVIGATING,0.59,0.01,0,/moderate,1555,1286,1248,2.8,17.6,10.2,12.0,0.0,18.5,0.9,0.0,18.5,0.9,0.0,24.0,1.8,40.7,3.7,9.5,177.3,56.6,52.0,0.3,54.5,0.5,0.0,67.7,15.0,4.1,131.8,2.7,207.7,16.2
4,25.0,直行,NAVIGATING,0.29,0.0,0,/moderate,1555,1286,1248,2.8,17.5,10.1,9.2,0.0,13.8,0.0,0.0,20.3,1.8,0.9,17.5,1.8,43.3,3.7,18.4,161.4,80.2,74.1,1.3,36.2,0.2,0.1,73.7,9.2,0.8,133.7,7.6,160.1,21.4
4,26.1,静止,NAVIGATING,0.0,0.0,0,/moderate,1555,1286,1248,2.7,17.3,10.0,8.2,0.0,19.2,0.0,0.0,17.3,0.9,0.9,23.7,0.9,42.0,3.7,11.3,209.9,73.8,59.3,0.7,76.4,1.1,0.0,95.6,12.7,1.9,147.1,21.7,160.6,22.7
4,27.2,进站,NAVIGATING,0.2,0.0,0,/moderate,1555,2054,1248,3.7,17.5,10.1,18.4,0.0,13.8,0.0,0.0,18.4,1.8,0.9,17.5,0.9,42.3,2.8,21.1,168.1,66.1,79.7,0.9,24.0,0.3,0.0,73.0,10.8,3.8,124.4,10.1,172.7,20.4
4,28.3,进站,NAVIGATING,0.2,0.0,0,/moderate,1555,2803,1248,1.8,16.6,10.1,8.3,0.9,19.3,0.0,0.0,19.3,1.8,8.3,32.2,0.9,40.5,3.7,16.1,187.7,73.6,61.8,0.8,54.4,0.4,0.1,76.7,8.0,18.7,164.5,9.0,193.8,24.9
4,29.4,进站,NAVIGATING,0.07,0.0,0,/moderate,1555,1286,1248,2.8,19.3,11.0,8.3,0.0,13.8,0.0,0.0,20.2,0.9,0.9,18.4,1.8,41.4,2.8,13.0,143.2,83.0,49.3,1.4,18.6,1.5,0.0,71.6,6.4,16.5,120.7,6.7,178.4,23.9
4,30.4,静止,NAVIGATING,0.01,0.0,0,/moderate,1555,1286,1248,2.8,16.5,10.1,8.3,0.0,19.3,0.0,0.0,20.2,1.8,0.9,23.9,1.8,40.4,3.7,16.1,141.7,68.1,55.8,0.0,63.8,0.2,0.0,64.5,9.0,14.7,166.5,5.4,180.3,29.1
4,31.5,静止,NAVIGATING,0.0,0.0,0,/moderate,1555,1286,1248,3.6,18.2,10.0,8.2,0.0,12.7,0.9,0.0,18.2,1.8,0.0,19.1,0.0,41.9,2.7,12.3,147.5,66.9,53.9,0.6,25.8,0.2,0.0,64.0,7.1,1.6,126.5,9.3,180.5,25.8
4,32.6,静止,ARRIVED,0.0,0.0,0,/moderate,1555,1286,1248,2.8,15.7,8.3,17.5,0.0,20.3,0.0,0.0,14.8,1.8,5.5,26.8,1.8,37.8,3.7,16.0,153.1,0.0,0.0,0.6,73.8,0.3,0.0,71.4,8.8,12.5,170.3,12.4,175.1,23.1
5,1.0,静止,NAVIGATING,0.0,0.0,0,/moderate,1555,1286,1248,2.7,18.2,10.9,9.1,0.0,17.3,0.9,0.0,17.3,1.8,3.6,23.7,1.8,41.0,2.7,13.3,178.3,90.8,66.0,0.8,51.4,0.1,0.1,58.2,6.9,31.6,151.3,8.8,211.6,18.1
5,2.1,转向,NAVIGATING,0.0,0.59,0,/moderate,1785,1286,1248,2.8,18.5,12.0,9.2,0.9,15.7,0.0,0.0,18.5,0.9,1.8,21.2,0.9,40.6,3.7,14.8,221.2,77.2,65.3,1.9,86.4,0.2,0.0,76.0,8.2,13.9,148.7,8.7,237.9,27.9
5,3.1,转向,NAVIGATING,0.0,0.6,0,/moderate,1900,1286,1248,2.8,16.7,10.2,7.4,0.0,20.5,0.0,0.9,20.5,1.9,0.0,25.1,1.9,41.8,2.8,16.7,156.8,74.5,50.8,0.8,62.9,0.1,0.0,78.2,9.0,1.6,131.3,5.9,198.1,20.8
5,4.2,转向,NAVIGATING,0.0,0.6,0,/moderate,1785,1286,1248,2.8,17.4,11.0,8.3,0.0,14.7,0.0,0.0,18.4,1.8,0.9,15.6,0.9,42.2,3.7,20.2,160.8,58.7,45.9,1.0,31.1,0.1,0.0,87.9,19.7,2.7,125.3,10.1,226.6,31.9
5,5.3,转向,NAVIGATING,0.0,0.6,0,/moderate,1555,1286,1248,2.7,18.3,10.1,7.3,0.0,18.3,0.9,0.0,18.3,0.9,6.4,28.4,0.9,38.4,3.7,15.7,160.1,84.2,49.8,1.0,58.6,1.1,0.0,84.8,10.8,35.7,182.9,6.4,184.7,23.9
5,6.4,转向,NAVIGATING,0.01,0.46,0,/moderate,1555,2054,1248,2.7,17.4,11.0,9.2,0.0,12.8,0.0,0.0,20.2,1.8,0.9,18.3,1.8,42.2,3.7,21.6,137.0,87.3,47.6,0.1,17.4,0.4,0.1,84.2,8.6,3.0,118.2,15.8,154.2,16.9
5,7.5,静止,NAVIGATING,0.0,0.07,0,/moderate,1344,2803,1248,2.7,16.5,10.1,8.2,0.0,19.2,0.0,0.0,18.3,1.8,0.9,23.8,0.9,40.2,2.7,17.4,175.6,91.5,76.4,0.4,36.0,0.1,0.0,70.6,12.7,3.9,159.2,6.3,169.5,18.2
5,8.6,静止,NAVIGATING,0.0,0.0,0,/moderate,1459,1286,1248,3.7,19.3,11.0,9.2,0.0,12.8,0.0,0.0,19.3,1.8,0.9,19.3,1.8,42.2,3.7,15.5,162.7,92.8,56.7,0.7,41.9,0.6,0.1,85.2,8.5,2.1,95.7,10.1,184.9,21.7
5,9.7,直行,NAVIGATING,0.14,0.04,0,/moderate,1555,1286,1248,1.9,17.6,10.2,10.2,0.0,20.4,0.0,0.0,16.7,0.9,0.0,22.2,1.9,43.5,2.8,16.3,177.4,100.6,81.3,0.1,52.3,0.0,0.0,75.9,13.3,9.8,187.2,12.7,188.2,18.5
5,10.8,直行,NAVIGATING,0.6,0.01,0,/moderate,1555,1286,1248,3.7,16.5,11.0,11.9,0.9,11.9,0.0,0.0,18.4,1.8,10.1,26.6,0.9,41.3,3.7,15.8,176.1,74.6,65.9,0.8,23.4,1.0,0.4,97.4,7.5,16.2,130.4,7.6,218.0,17.6
5,11.9,直行,NAVIGATING,0.6,0.0,0,/moderate,1900,1286,1248,2.8,16.6,10.1,11.0,0.0,21.2,0.0,0.0,18.4,1.8,0.9,23.9,0.9,40.5,3.7,13.0,165.1,79.0,71.1,0.7,57.5,1.2,0.0,97.4,7.1,5.6,170.9,4.5,234.8,34.2
5,12.9,直行,NAVIGATING,0.6,0.0,0,/moderate,1555,1286,1248,2.7,18.3,10.1,12.8,0.0,15.6,0.0,0.0,18.3,0.9,0.0,19.2,1.8,42.2,2.7,16.4,160.7,68.1,81.1,0.3,44.4,0.2,0.1,78.5,11.5,0.5,128.1,7.2,190.3,24.0
5,14.0,直行,NAVIGATING,0.6,0.0,0,/moderate,1555,1286,1248,2.7,18.2,10.0,12.8,0.0,18.2,0.9,0.0,20.1,1.8,0.9,24.6,0.9,42.8,3.6,9.9,181.4,58.7,58.2,0.3,73.7,0.4,0.0,74.1,5.2,8.7,135.4,4.7,202.3,16.5
5,15.2,直行,NAVIGATING,0.6,0.01,0,/moderate,1785,1286,1248,2.7,16.2,10.8,13.5,0.0,18.9,0.0,0.0,18.9,1.8,0.9,22.5,1.8,41.4,3.6,15.3,198.9,86.3,96.0,0.8,45.1,0.4,0.0,90.0,6.1,0.7,181.9,7.1,248.7,21.8
5,16.2,直行,NAVIGATING,0.59,0.18,0,/moderate,1555,1286,1248,2.8,18.6,11.2,13.0,0.0,13.0,0.0,0.0,19.5,0.9,6.5,24.2,1.9,40.9,2.8,13.9,174.5,68.5,71.8,0.2,29.9,0.2,0.0,82.0,7.8,28.2,177.4,11.5,183.6,17.2
5,17.3,直行,NAVIGATING,0.6,0.55,0,/moderate,1555,1286,1248,2.8,16.6,10.1,12.9,0.0,20.3,0.0,0.0,19.3,1.8,0.0,25.8,0.9,41.4,3.7,12.9,131.1,54.5,68.5,0.6,36.7,1.9,0.3,71.8,7.0,1.1,126.3,9.8,143.5,15.5
5,18.4,直行,NAVIGATING,0.6,0.55,0,/moderate,1555,1286,1248,2.8,18.5,11.1,12.1,0.0,13.0,0.0,0.0,21.3,1.9,1.9,13.0,0.9,43.6,2.8,8.7,160.4,58.2,89.1,0.5,32.3,0.9,0.0,80.0,11.9,5.1,145.2,8.3,203.9,27.0
5,19.5,直行,NAVIGATING,0.61,0.22,0,/moderate,1785,2803,1248,3.7,16.5,9.2,12.9,0.9,17.5,0.9,0.0,19.3,0.9,0.0,26.7,1.8,39.5,2.8,9.9,157.1,57.5,61.7,0.7,45.3,0.1,0.1,68.0,7.9,0.4,129.5,7.2,137.2,20.3
5,20.6,直行,NAVIGATING,0.6,0.04,0,/moderate,1555,1286,1248,2.8,18.4,11.1,12.9,0.0,12.9,0.0,0.0,19.4,1.8,0.9,14.8,0.9,41.5,3.7,19.6,178.6,77.7,57.6,3.5,19.3,0.1,0.0,73.3,10.3,0.7,105.5,8.4,134.6,25.9
5,21.7,直行,NAVIGATING,0.6,0.01,0,/moderate,1785,1286,1248,2.8,13.8,9.2,9.2,0.0,17.5,0.9,0.0,16.6,0.9,20.3,59.9,0.9,35.9,2.8,10.6,168.3,78.8,76.0,0.0,61.6,0.5,0.0,99.5,11.3,108.7,250.5,8.6,190.4,23.1
5,22.7,直行,NAVIGATING,0.6,0.0,0,/moderate,1555,1286,1248,1.8,18.3,10.1,11.9,0.0,12.8,0.0,0.0,19.2,2.7,0.9,15.5,1.8,40.2,2.7,17.1,131.8,68.1,65.7,1.1,17.4,0.2,0.0,79.7,14.3,1.4,112.2,11.8,172.1,16.6
5,23.8,直行,NAVIGATING,0.6,0.0,0,/moderate,1555,1286,1248,3.7,17.5,10.1,11.0,0.0,19.3,0.9,0.0,18.4,0.9,0.0,24.8,0.9,40.5,3.7,15.2,121.0,71.9,53.2,0.8,42.7,0.4,0.0,54.5,9.9,2.0,149.4,4.8,109.3,16.3
5,24.9,直行,NAVIGATING,0.33,0.0,0,/moderate,1670,1286,1248,2.8,17.5,11.1,10.2,0.0,15.7,0.0,0.0,19.4,1.8,0.9,16.6,1.8,41.5,2.8,17.1,157.5,58.0,56.5,2.9,28.6,2.8,0.1,83.8,14.2,2.2,124.7,7.8,188.2,25.9
5,26.0,静止,NAVIGATING,0.0,0.0,0,/moderate,1555,1286,1248,2.8,18.4,10.1,8.3,0.9,16.6,0.0,0.0,20.3,0.9,1.8,23.0,1.8,41.5,4.6,15.8,170.0,94.0,64.4,0.4,71.5,0.1,0.0,117.0,7.5,8.2,136.0,9.9,177.4,25.8
5,27.1,进站,NAVIGATING,0.2,0.01,0,/moderate,1555,1286,1248,2.8,15.8,10.2,18.5,0.0,19.5,0.0,0.0,15.8,1.9,6.5,30.6,0.9,37.1,2.8,14.1,197.4,71.7,66.7,0.6,46.7,0.1,0.0,66.3,6.4,29.0,136.2,9.3,201.1,26.1
5,28.2,进站,NAVIGATING,0.2,0.0,0,/moderate,1555,1286,1248,2.7,17.3,10.0,9.1,0.0,11.9,0.0,0.0,19.2,1.8,0.9,19.2,0.9,41.1,2.7,8.0,161.0,64.6,49.9,2.1,13.2,0.1,0.1,90.5,10.2,0.7,129.2,7.5,151.3,23.8
5,29.3,进站,NAVIGATING,0.08,0.0,0,/moderate,1555,1286,1248,3.7,18.3,11.0,8.2,0.0,20.1,0.0,0.0,17.3,0.9,0.9,21.9,1.8,42.0,3.7,14.9,170.3,88.8,55.0,0.5,39.2,0.5,0.1,93.1,9.1,2.6,112.3,6.4,208.0,20.4
5,30.4,静止,NAVIGATING,0.01,0.0,0,/moderate,1555,1286,1248,1.8,17.4,11.0,8.2,0.0,12.8,0.0,0.0,20.1,1.8,2.7,21.0,0.9,40.2,3.7,13.2,179.2,68.6,55.5,3.4,28.1,2.7,0.0,85.6,9.4,27.1,113.6,6.4,194.4,22.2
5,31.5,静止,NAVIGATING,0.0,0.0,0,/moderate,1555,2803,2841,2.8,16.6,10.1,7.4,0.0,20.3,0.0,0.0,17.5,0.9,0.0,24.9,1.8,39.7,2.8,14.0,148.1,59.8,76.6,0.3,65.1,0.5,0.0,58.6,11.1,1.6,184.6,8.8,207.5,24.8
5,32.5,静止,ARRIVED,0.0,0.0,0,/moderate,1459,1286,1248,2.8,17.4,10.1,21.1,0.9,11.0,0.0,0.0,15.6,1.8,10.1,22.0,0.9,36.7,3.7,13.9,148.5,0.0,0.0,1.2,40.9,0.8,0.0,63.1,6.7,18.5,132.8,6.2,189.6,21.3
6,1.0,静止,NAVIGATING,0.0,0.0,0,/moderate,1555,1286,1248,3.6,17.3,10.9,8.2,0.0,19.1,0.0,0.0,15.5,2.7,0.0,23.7,1.8,41.0,2.7,24.3,154.7,147.7,102.6,0.2,34.2,0.0,0.0,114.9,15.3,0.6,177.3,5.6,182.2,14.1
6,2.1,转向,NAVIGATING,0.0,0.6,0,/moderate,1555,1286,1248,2.7,17.4,10.1,8.2,0.0,12.8,0.0,0.0,19.2,0.9,0.9,20.1,0.9,42.1,2.7,15.4,183.8,106.5,67.3,1.8,34.3,2.4,0.0,72.8,10.4,13.7,173.5,8.6,217.2,33.3
6,3.2,转向,NAVIGATING,0.0,0.6,0,/moderate,1555,1286,1248,1.8,18.2,10.0,8.2,0.9,18.2,0.0,0.0,20.0,1.8,0.0,26.4,1.8,37.3,3.6,14.3,147.3,97.1,68.3,0.9,43.9,0.1,0.0,100.5,7.2,0.7,152.9,6.9,121.7,27.9
6,4.3,转向,NAVIGATING,0.0,0.6,0,/moderate,1555,1286,1248,3.7,17.4,11.0,9.2,0.0,12.8,0.0,0.0,20.1,1.8,4.6,20.1,0.9,41.2,4.6,9.6,202.5,90.0,59.1,1.2,26.1,1.7,0.0,76.3,9.7,21.6,143.8,8.0,201.9,21.6
6,5.4,转向,NAVIGATING,0.0,0.6,0,/moderate,1555,1286,1248,2.8,17.6,9.3,8.3,0.0,16.7,0.9,0.0,19.4,0.9,2.8,25.0,0.9,42.6,2.8,17.0,148.7,65.1,40.2,2.7,65.0,0.6,0.0,73.1,6.8,38.4,220.6,8.1,188.8,21.2
6,6.5,转向,NAVIGATING,0.01,0.42,0,/moderate,1785,1286,1248,2.8,18.5,10.2,7.4,0.0,20.4,0.0,0.0,17.6,1.9,1.9,23.1,1.9,41.7,3.7,14.9,171.1,57.1,59.6,0.7,36.8,0.3,0.0,97.2,10.5,4.7,161.7,9.9,142.4,15.3
6,7.6,静止,NAVIGATING,0.0,0.07,0,/moderate,1555,1286,1248,2.8,17.5,11.1,9.2,0.0,12.0,0.0,0.0,19.4,1.8,0.9,18.4,1.8,41.5,3.7,17.8,146.2,111.2,47.0,0.5,22.0,3.4,0.0,97.2,7.9,1.5,133.6,9.7,180.7,23.3
6,8.6,静止,NAVIGATING,0.0,0.0,0,/moderate,1670,1286,1248,2.8,17.4,10.1,7.3,0.0,18.4,0.9,0.0,17.4,0.9,0.0,22.9,0.9,39.5,2.8,13.7,148.2,82.6,47.4,0.5,72.7,0.5,0.0,70.0,12.4,2.3,168.5,10.0,196.7,20.1
6,9.7,直行,NAVIGATING,0.13,0.03,0,/moderate,1459,1286,1248,3.6,17.3,10.0,10.9,0.0,12.8,0.0,0.0,14.6,1.8,8.2,24.6,1.8,39.2,3.6,17.2,130.4,70.1,65.4,0.1,18.9,0.8,0.3,48.7,11.5,21.0,183.1,6.1,150.3,14.7
6,10.8,直行,NAVIGATING,0.6,0.0,0,/moderate,1555,2054,1248,1.8,17.3,9.1,11.8,0.0,19.1,0.0,0.0,21.0,1.8,0.9,27.3,0.9,42.8,2.7,10.7,150.1,41.1,61.5,0.6,40.5,0.2,0.1,88.8,4.5,0.5,128.7,7.6,155.2,13.0
6,11.9,直行,NAVIGATING,0.6,0.01,0,/moderate,1555,2803,1248,3.7,17.4,11.0,12.8,0.9,12.8,0.9,0.0,18.3,1.8,0.0,17.4,0.9,41.2,2.7,18.6,209.8,78.6,73.8,1.0,13.8,2.3,0.0,75.8,11.8,0.7,119.3,8.5,178.3,21.7
6,13.0,直行,NAVIGATING,0.6,0.0,0,/moderate,1555,1286,1248,2.8,17.4,11.0,12.9,0.0,19.3,0.0,0.0,19.3,1.8,0.0,23.0,1.8,39.5,3.7,14.5,156.6,104.1,70.2,0.3,70.2,0.0,0.0,67.5,11.6,2.5,142.9,8.4,203.2,15.9
6,14.1,直行,NAVIGATING,0.6,0.0,0,/moderate,1459,1286,1248,2.7,17.3,10.0,11.8,0.0,12.8,0.0,0.0,19.1,0.9,1.8,16.4,0.9,42.8,2.7,16.3,179.1,65.1,89.7,0.3,36.1,0.3,0.0,86.4,9.5,6.6,109.3,5.9,198.8,18.8
6,15.2,直行,NAVIGATING,0.6,0.0,0,/moderate,1555,1286,1248,2.8,15.6,9.2,12.9,0.9,19.3,0.0,0.0,18.4,1.8,7.4,29.5,0.9,40.5,3.7,18.5,147.4,97.3,118.9,0.7,59.4,0.2,0.0,78.9,6.1,31.1,146.6,6.2,195.1,23.0
6,16.3,直行,NAVIGATING,0.59,0.17,0,/moderate,1555,1286,1248,1.8,18.4,10.1,12.9,0.0,12.9,0.0,0.0,19.3,0.9,0.0,17.5,0.9,42.4,2.8,9.6,157.2,74.6,81.9,0.6,30.3,0.2,0.1,67.2,8.5,0.7,107.2,6.8,192.2,13.0
6,17.4,直行,NAVIGATING,0.59,0.54,0,/moderate,1785,1286,1248,3.7,17.6,10.2,13.9,0.0,18.5,0.0,0.0,19.4,1.9,1.9,24.1,1.9,43.5,2.8,12.4,160.0,65.1,89.7,0.6,82.3,0.1,0.0,100.9,6.2,2.4,125.6,4.5,176.8,19.1
6,18.5,直行,NAVIGATING,0.6,0.54,0,/moderate,1785,1286,1248,2.8,16.6,10.1,12.9,0.0,18.4,0.0,0.0,21.2,0.9,0.9,23.9,1.8,40.5,3.7,18.1,157.8,79.8,91.1,6.3,59.9,0.5,0.0,145.2,11.7,4.4,147.9,11.5,183.2,27.1
6,19.5,直行,NAVIGATING,0.61,0.22,0,/moderate,1555,1286,1248,2.8,18.4,11.1,12.9,0.0,12.0,0.0,0.0,20.3,0.9,0.0,16.6,0.9,44.2,3.7,26.1,159.7,83.1,79.7,0.2,25.5,0.1,0.0,72.4,12.1,2.5,150.0,5.4,154.5,19.5
6,20.6,直行,NAVIGATING,0.6,0.04,0,/moderate,1555,1286,1248,2.8,15.6,10.1,11.0,0.0,19.3,0.9,0.0,16.5,1.8,8.3,32.2,1.8,36.8,2.8,18.7,187.2,67.3,69.3,0.7,49.2,2.1,0.0,71.5,11.0,91.0,217.0,7.9,238.0,24.3
6,21.7,直行,NAVIGATING,0.6,0.01,0,/moderate,1555,1286,1248,2.7,18.1,10.0,12.7,0.0,12.7,0.0,0.9,19.0,1.8,1.8,20.0,1.8,41.7,2.7,19.6,177.3,64.7,87.7,0.5,20.1,0.7,0.0,62.5,15.4,3.4,123.2,9.4,142.2,18.8
6,22.8,直行,NAVIGATING,0.6,0.0,0,/moderate,1900,2803,1248,2.8,16.5,11.0,11.9,0.0,20.2,0.9,0.0,19.3,1.8,0.0,23.0,0.0,38.6,3.7,16.2,191.4,74.2,74.3,0.2,35.2,0.1,0.1,90.2,25.6,2.9,133.3,20.0,212.3,15.2
6,23.9,直行,NAVIGATING,0.6,0.0,0,/moderate,1555,1286,1248,2.8,18.4,10.1,11.0,0.0,11.9,0.0,0.0,20.2,0.9,0.0,15.6,1.8,43.2,3.7,13.3,174.5,96.3,63.7,0.9,36.1,1.3,0.0,77.4,7.8,3.0,132.6,5.6,155.8,27.2
6,25.0,直行,NAVIGATING,0.33,0.0,0,/moderate,2016,1286,1248,2.7,17.4,9.1,9.1,0.0,19.2,0.9,0.0,19.2,2.7,0.9,23.8,1.8,41.2,2.7,14.7,146.6,58.0,65.1,0.2,66.5,0.2,0.0,67.9,7.8,0.4,140.9,7.3,195.3,27.7
6,26.1,静止,NAVIGATING,0.0,0.0,0,/moderate,1228,1286,1248,2.7,16.5,10.1,8.2,0.0,14.6,0.0,0.0,17.4,0.9,8.2,23.8,0.9,40.2,3.7,15.5,141.2,112.8,74.9,1.5,46.8,0.3,0.1,91.7,10.3,16.9,143.0,19.1,176.0,22.8
6,27.2,进站,NAVIGATING,0.2,0.0,0,/moderate,1344,1286,1248,2.8,16.6,10.2,18.5,0.9,17.6,0.0,0.0,18.5,0.9,0.9,21.3,0.9,39.8,1.8,13.1,198.3,83.5,72.3,1.0,75.2,0.9,0.2,94.3,11.8,0.4,147.4,11.6,231.8,16.8
6,28.3,进站,NAVIGATING,0.2,0.0,0,/moderate,1555,1286,1248,2.8,15.8,10.2,8.3,0.0,11.1,0.0,0.0,18.5,1.9,0.9,18.5,0.9,37.1,3.7,26.6,190.2,133.2,110.8,0.4,22.1,0.9,0.1,117.1,23.6,5.0,181.3,6.9,229.8,30.5
6,29.3,进站,NAVIGATING,0.07,0.0,0,/moderate,1555,1286,1248,2.8,17.5,10.1,8.3,0.0,18.4,0.9,0.0,17.5,1.8,0.9,23.1,1.8,39.6,3.7,13.0,171.0,83.8,55.9,0.6,54.3,1.1,0.0,78.8,13.9,1.7,131.7,8.8,260.2,51.1
6,30.4,静止,NAVIGATING,0.01,0.0,0,/moderate,2016,1286,1248,2.7,15.5,9.1,7.3,0.0,14.6,0.9,0.0,18.3,0.9,3.7,21.0,0.9,34.7,2.7,18.2,199.0,69.5,49.7,0.4,75.0,0.6,0.0,97.1,11.8,24.9,148.4,8.8,202.2,29.3
6,31.5,静止,NAVIGATING,0.0,0.0,0,/moderate,1555,1286,1248,2.8,18.4,10.1,7.3,0.0,15.6,0.0,0.0,17.4,1.8,4.6,24.8,1.8,42.2,3.7,15.9,196.2,57.9,65.1,5.7,96.8,0.2,1.1,60.1,10.8,41.1,239.3,9.7,228.8,18.6
6,32.6,静止,ARRIVED,0.0,0.0,0,/moderate,1555,1286,1248,3.6,15.4,8.2,17.2,0.0,17.2,0.0,0.0,15.4,1.8,0.0,19.0,0.0,39.0,2.7,13.1,185.3,0.0,0.0,0.5,48.2,0.2,0.4,70.3,9.2,6.9,121.4,4.7,222.3,19.5
7,1.0,静止,NAVIGATING,0.0,0.0,0,/moderate,1555,1286,1248,2.7,17.2,10.9,8.2,0.0,13.6,0.0,0.0,15.4,1.8,0.9,18.1,2.7,40.8,2.7,21.5,151.3,88.3,63.1,0.1,27.9,9.2,0.0,80.3,10.1,2.3,140.9,6.7,155.8,26.3
7,2.1,转向,NAVIGATING,0.0,0.6,0,/moderate,1555,2803,1248,2.7,17.4,11.0,8.2,0.0,17.4,0.0,0.0,17.4,1.8,0.0,23.8,0.9,39.3,2.7,19.7,198.2,100.6,77.2,0.9,69.5,0.3,0.1,124.8,15.1,4.2,189.7,10.2,251.3,37.6
7,3.2,转向,NAVIGATING,0.0,0.6,0,/moderate,1555,1286,1248,2.7,15.4,10.9,8.2,0.9,11.8,0.0,0.0,20.0,1.8,8.2,24.5,0.9,40.0,3.6,14.6,161.6,112.1,60.3,7.0,36.9,0.6,0.0,91.9,14.0,19.0,172.0,17.4,192.5,15.6
7,4.3,转向,NAVIGATING,0.0,0.6,0,/moderate,1555,1286,1248,2.8,17.6,9.3,8.3,0.9,20.4,0.0,0.0,18.5,0.9,0.0,24.1,1.9,43.5,3.7,17.1,189.7,81.1,54.9,0.6,62.2,0.0,0.0,85.2,8.2,1.3,141.5,11.2,188.5,38.5
7,5.4,转向,NAVIGATING,0.0,0.6,0,/moderate,1555,1286,1248,2.8,17.6,10.2,8.3,0.0,13.9,0.9,0.0,18.5,0.9,1.8,14.8,0.9,41.6,2.8,14.8,159.4,115.7,75.8,0.4,36.7,0.4,0.0,80.1,8.5,11.2,199.6,10.8,196.5,29.5
7,6.5,转向,NAVIGATING,0.01,0.41,0,/moderate,2016,1286,1248,2.8,16.5,10.1,8.3,0.0,18.4,0.0,0.0,19.3,1.8,0.9,24.8,1.8,39.5,2.8,12.3,174.9,91.8,68.5,0.6,47.9,0.5,0.0,93.1,10.0,4.5,156.0,5.1,207.3,23.0
7,7.6,静止,NAVIGATING,0.0,0.07,0,/moderate,1555,1286,1248,2.8,18.4,10.1,8.3,0.0,11.0,0.0,0.0,18.4,1.8,0.9,14.7,0.9,44.1,3.7,16.4,202.1,82.0,63.2,0.1,32.5,0.5,0.1,88.9,11.5,4.2,164.5,12.6,227.4,29.8
7,8.6,静止,NAVIGATING,0.0,0.0,0,/moderate,1670,1286,1248,2.8,15.7,10.2,7.4,0.0,20.3,0.0,0.0,16.6,1.8,8.3,35.1,0.9,41.6,2.8,10.9,203.5,65.4,53.8,0.2,45.7,0.5,0.0,117.5,6.4,39.3,214.2,11.5,223.0,29.3
7,9.7,直行,NAVIGATING,0.16,0.04,0,/moderate,1900,1286,1248,2.8,17.5,11.1,11.1,0.0,14.8,0.0,0.0,16.6,1.8,0.9,19.4,1.8,40.6,3.7,16.2,180.7,93.5,66.1,0.6,59.8,0.2,0.1,68.2,10.0,4.6,141.3,10.2,163.3,21.5
7,10.8,直行,NAVIGATING,0.6,0.01,0,/moderate,1555,1286,1248,2.8,18.5,10.2,13.0,0.0,16.7,0.0,0.0,18.5,1.9,0.9,20.4,1.9,41.7,2.8,21.0,180.5,91.6,75.1,0.3,43.8,2.9,0.1,48.1,10.2,1.0,140.5,5.3,172.1,21.6
7,11.9,直行,NAVIGATING,0.6,0.0,0,/moderate,1555,1286,1248,2.7,16.4,10.0,11.8,0.9,18.2,0.0,0.0,18.2,0.9,0.0,23.7,1.8,40.9,3.6,11.9,175.9,64.4,65.9,0.5,40.0,0.7,0.0,74.8,7.1,2.3,140.0,7.3,178.8,24.4
7,13.0,直行,NAVIGATING,0.6,0.0,0,/moderate,1555,1286,1248,3.7,18.3,10.1,12.8,0.0,11.0,0.9,0.9,19.2,1.8,0.9,16.5,0.9,41.2,3.7,11.1,191.7,95.4,70.3,0.2,22.4,0.8,0.0,87.5,8.4,14.5,139.3,10.2,186.6,18.6
7,14.1,直行,NAVIGATING,0.6,0.0,0,/moderate,1785,1286,1248,1.8,15.6,9.2,11.9,0.0,18.4,0.0,0.0,17.4,1.8,7.3,29.4,0.9,35.8,1.8,15.2,215.6,111.0,113.6,0.6,48.1,1.1,0.0,107.6,11.4,33.3,174.6,9.1,206.2,24.8
7,15.2,直行,NAVIGATING,0.6,0.01,0,/moderate,1670,2803,1248,3.7,18.3,10.1,13.7,0.0,11.0,0.0,0.0,18.3,0.9,0.0,16.5,0.9,41.2,4.6,16.0,185.0,100.7,93.4,0.5,22.6,0.5,0.0,67.2,16.5,5.7,110.1,12.3,164.5,16.5
7,16.3,直行,NAVIGATING,0.59,0.19,0,/moderate,1670,2188,3360,1.9,17.6,10.2,12.1,0.0,19.5,0.0,0.0,18.6,1.9,0.9,25.1,1.9,42.7,2.8,17.4,217.3,149.8,74.2,0.0,91.1,0.0,0.0,116.3,18.4,12.8,159.8,6.3,248.1,24.0
7,17.3,直行,NAVIGATING,0.59,0.54,0,/moderate,1555,1286,1248,3.7,16.5,11.9,12.8,0.0,12.8,0.0,0.0,21.0,0.9,0.9,18.3,1.8,43.9,3.7,15.6,156.4,90.3,82.5,0.6,28.7,0.2,0.1,101.2,8.4,2.6,144.3,6.4,230.9,22.8
7,18.4,直行,NAVIGATING,0.6,0.55,0,/moderate,1555,1286,1248,2.8,16.7,9.3,12.0,0.0,18.5,0.0,0.0,19.4,1.9,0.0,23.1,0.9,40.7,2.8,20.7,173.8,62.0,66.6,1.2,47.6,1.4,0.0,71.3,6.6,1.4,137.4,5.5,146.7,19.0
7,19.5,直行,NAVIGATING,0.61,0.21,0,/moderate,1555,1286,1248,1.8,14.7,8.3,11.0,0.9,11.9,0.9,0.0,17.4,1.8,22.0,51.4,0.9,36.7,2.8,15.4,180.6,95.9,94.3,0.7,32.0,1.3,0.1,86.7,7.0,95.5,201.8,6.7,187.6,21.6
7,20.6,直行,NAVIGATING,0.6,0.04,0,/moderate,1555,1286,1248,3.6,17.3,10.9,12.8,0.0,17.3,0.9,0.0,19.1,0.9,0.9,20.0,1.8,40.1,2.7,8.9,174.5,57.7,54.2,0.6,36.8,0.2,0.0,73.5,7.2,2.9,104.5,6.4,147.6,17.5
7,21.7,直行,NAVIGATING,0.6,0.0,0,/moderate,1555,1286,1248,2.7,17.0,10.7,12.5,0.0,14.3,0.0,0.0,18.8,1.8,0.9,22.4,1.8,40.2,3.6,22.2,167.3,85.4,85.6,1.2,40.8,1.9,0.1,103.9,9.8,3.0,122.0,7.0,183.6,20.6
7,22.8,直行,NAVIGATING,0.6,0.01,0,/moderate,1555,1286,1248,3.7,18.3,11.0,11.0,0.0,16.5,0.0,0.0,20.1,0.9,0.9,22.0,0.9,43.9,2.7,10.2,191.9,68.0,97.0,0.9,84.7,0.1,0.1,121.1,8.5,7.4,168.0,9.7,206.3,27.4
7,23.9,直行,NAVIGATING,0.6,0.0,0,/moderate,1555,1286,1248,2.8,15.6,9.2,11.9,0.0,18.4,0.0,0.0,19.3,1.8,0.9,22.1,1.8,39.5,2.8,14.6,147.1,106.7,76.5,1.1,55.5,0.4,0.0,91.7,8.6,6.7,146.2,13.5,212.4,40.9
7,25.0,直行,NAVIGATING,0.3,0.0,0,/moderate,1670,1286,1248,2.7,16.5,10.1,8.2,0.0,12.8,0.0,0.0,19.2,1.8,9.1,24.7,0.9,37.5,3.7,18.8,144.0,83.0,81.7,0.9,34.6,0.2,0.0,82.7,7.6,71.6,200.2,7.1,206.9,39.9
7,26.1,静止,NAVIGATING,0.0,0.0,0,/moderate,1555,2457,1248,2.8,18.3,10.1,9.2,0.0,19.3,0.0,0.0,19.3,0.9,0.9,22.9,0.9,40.4,3.7,13.1,163.5,67.6,49.3,0.4,51.1,0.1,0.1,64.8,10.7,6.1,114.0,11.4,165.2,40.0
7,27.2,进站,NAVIGATING,0.2,0.0,0,/moderate,1670,1286,3360,2.7,16.4,10.1,22.8,0.9,11.0,0.0,0.0,16.4,1.8,0.9,16.4,1.8,40.2,2.7,18.0,153.4,96.6,74.0,1.4,23.5,0.4,0.0,51.8,16.0,2.7,105.6,19.6,172.7,26.4
7,28.3,进站,NAVIGATING,0.2,0.0,0,/moderate,1555,2803,1248,2.8,17.6,10.2,8.4,0.0,19.5,0.0,0.0,19.5,1.9,0.0,25.1,0.9,41.8,2.8,14.6,193.8,81.4,43.7,0.5,64.1,0.0,0.0,76.7,5.1,2.4,156.6,6.6,197.5,30.3
7,29.4,进站,NAVIGATING,0.07,0.0,0,/moderate,1555,1286,1248,2.8,16.6,11.1,7.4,0.0,12.0,0.0,0.0,20.3,1.8,0.9,17.5,0.9,40.6,3.7,17.1,139.9,75.2,44.5,0.6,23.5,0.5,0.0,65.5,14.8,7.3,124.0,8.7,161.8,23.1
7,30.4,静止,NAVIGATING,0.01,0.0,0,/moderate,1555,1286,1248,2.7,16.5,10.1,8.2,0.0,19.2,0.9,0.0,20.2,0.9,8.2,30.2,0.9,39.4,3.7,14.3,156.8,77.8,64.0,1.8,48.6,0.3,0.0,67.6,11.6,29.7,179.6,8.2,221.8,32.4
7,31.5,静止,NAVIGATING,0.0,0.0,0,/moderate,1555,1286,1248,2.8,18.4,10.1,9.2,0.0,12.0,0.0,0.0,17.5,1.8,0.9,17.5,2.8,44.2,3.7,14.5,169.6,78.2,62.6,0.6,22.5,0.1,0.1,93.9,15.1,2.6,120.2,10.7,211.7,25.6
7,32.6,静止,ARRIVED,0.0,0.0,0,/moderate,1344,1286,1248,2.8,16.6,9.2,16.6,0.0,19.4,0.0,0.0,15.7,1.8,0.9,24.9,0.9,39.7,1.8,17.8,149.5,0.0,0.0,0.1,46.2,0.3,0.0,62.2,5.4,1.7,138.7,8.3,214.4,23.9
8,1.0,静止,NAVIGATING,0.0,0.0,0,/moderate,1555,1286,1248,3.7,17.3,11.0,9.1,0.0,14.6,0.0,0.0,17.3,0.9,0.9,16.4,0.9,40.2,4.6,16.6,148.7,124.1,55.5,1.0,42.0,0.5,0.0,63.7,12.8,9.9,132.7,11.1,132.1,12.5
8,2.1,转向,NAVIGATING,0.0,0.6,0,/moderate,1555,1286,1248,2.8,17.6,10.2,7.4,0.9,17.6,0.0,0.0,17.6,1.9,7.4,30.6,1.9,39.8,2.8,15.4,171.8,112.8,72.3,0.5,71.8,0.1,0.1,93.3,11.8,21.8,184.5,7.0,183.9,19.2
8,3.2,转向,NAVIGATING,0.0,0.6,0,/moderate,1459,1286,1248,1.8,16.5,10.1,8.3,0.0,19.3,0.0,0.0,19.3,1.8,1.8,25.7,1.8,40.4,2.8,17.2,138.8,95.1,53.7,2.7,74.8,0.2,0.0,81.4,6.0,12.2,155.0,11.6,220.1,27.5
8,4.3,转向,NAVIGATING,0.0,0.6,0,/moderate,1555,1286,1248,3.7,17.5,11.0,7.4,0.9,12.9,0.0,0.0,21.1,1.8,0.9,14.7,0.9,41.4,3.7,15.4,153.8,99.1,64.9,0.1,18.0,0.1,0.0,72.8,9.0,6.9,130.2,9.8,177.0,22.4
8,5.4,转向,NAVIGATING,0.0,0.6,0,/moderate,2016,1286,1248,2.8,16.6,10.2,8.3,0.0,18.5,0.0,0.0,18.5,0.9,0.0,23.1,0.9,40.7,2.8,8.7,144.4,70.8,45.0,1.0,63.0,0.7,0.1,88.7,14.0,2.1,133.3,7.5,208.6,23.7
8,6.4,转向,NAVIGATING,0.01,0.44,0,/moderate,2016,2188,1248,2.8,19.4,11.1,8.3,0.0,12.0,0.9,0.0,20.3,2.8,0.9,19.4,0.9,41.5,3.7,14.6,150.0,68.3,52.2,0.7,21.2,0.3,0.0,86.9,4.5,1.4,103.5,8.8,167.9,23.1
8,7.5,静止,NAVIGATING,0.0,0.07,0,/moderate,1555,2803,1248,2.7,15.5,10.0,8.2,0.0,18.3,0.9,0.0,18.3,0.9,8.2,32.0,1.8,39.3,2.7,23.7,208.3,90.1,62.3,0.2,54.8,0.0,0.0,95.1,17.8,34.5,225.1,20.2,177.3,33.6
8,8.6,静止,NAVIGATING,0.0,0.0,0,/moderate,1555,1286,1248,2.8,18.4,10.1,9.2,0.0,12.9,0.0,0.0,18.4,1.8,0.9,20.3,0.9,40.5,3.7,24.6,196.2,97.2,57.0,0.5,28.4,0.5,0.1,120.4,17.1,3.0,125.5,9.8,209.8,20.2
8,9.7,直行,NAVIGATING,0.14,0.04,0,/moderate,1555,1286,1248,3.7,15.6,10.1,10.1,0.9,19.2,0.0,0.0,15.6,0.9,0.0,22.9,1.8,39.4,3.7,14.6,161.1,81.0,62.1,0.5,41.0,1.7,0.0,97.9,3.9,0.6,156.3,4.8,204.4,32.2
8,10.8,直行,NAVIGATING,0.6,0.02,0,/moderate,1555,1286,1248,2.7,18.3,11.0,12.8,0.0,11.9,0.0,0.0,20.1,1.8,0.9,19.2,1.8,42.0,3.7,13.2,150.0,60.2,68.6,0.2,34.4,0.2,0.0,77.9,9.9,4.3,105.9,7.5,160.3,24.3
8,11.9,直行,NAVIGATING,0.6,0.0,0,/moderate,2016,1286,1248,2.8,16.6,10.2,12.0,0.0,18.5,0.0,0.0,19.4,1.8,0.0,22.2,0.0,40.7,3.7,16.3,162.7,90.7,64.7,0.6,48.4,0.0,0.0,72.2,7.5,0.8,139.1,18.3,133.3,17.7
8,13.0,直行,NAVIGATING,0.6,0.0,0,/moderate,1555,1286,1248,2.8,16.6,9.2,12.9,0.0,13.8,0.0,0.0,18.4,0.9,8.3,22.1,2.8,41.5,2.8,19.2,191.5,96.6,90.8,1.5,39.9,3.5,0.0,119.8,7.6,58.0,168.3,6.2,218.7,31.2
8,14.1,直行,NAVIGATING,0.6,0.0,0,/moderate,1555,1286,1248,2.8,17.6,10.2,12.0,0.0,18.5,0.0,0.0,17.6,1.9,0.9,25.0,0.0,40.7,2.8,12.3,165.0,71.3,73.5,0.3,33.5,0.1,0.0,85.7,8.0,1.9,150.7,6.6,212.3,18.8
8,15.1,直行,NAVIGATING,0.6,0.0,0,/moderate,1555,1286,1248,2.7,17.4,10.1,12.8,0.0,18.3,0.0,0.0,19.2,1.8,0.9,21.1,1.8,40.3,2.7,14.0,163.7,74.0,79.8,0.5,47.1,1.3,0.0,87.6,8.5,2.2,135.4,8.2,155.2,12.6
8,16.2,直行,NAVIGATING,0.59,0.16,0,/moderate,1555,1286,1248,1.8,16.5,11.0,12.8,0.0,12.8,0.0,0.0,21.1,1.8,0.9,19.2,1.8,39.4,2.7,17.8,164.3,91.0,90.4,0.2,47.1,0.3,0.1,68.5,10.9,1.5,148.2,6.8,218.2,29.6
8,17.4,直行,NAVIGATING,0.6,0.54,0,/moderate,1555,1286,1248,2.7,16.1,9.8,11.6,0.0,16.9,0.9,0.0,19.6,1.8,0.0,21.4,0.9,40.1,3.6,18.0,171.4,98.3,102.4,0.3,79.1,2.4,0.1,100.4,11.6,8.7,163.6,10.3,247.4,19.1
8,18.4,直行,NAVIGATING,0.6,0.55,0,/moderate,1670,2803,1248,3.7,16.6,10.2,12.9,0.0,12.0,0.0,0.0,20.3,0.9,8.3,25.0,1.8,40.7,3.7,14.5,144.0,93.4,83.9,0.8,52.8,0.8,0.0,105.7,8.4,21.4,247.5,13.6,255.4,20.0
8,19.5,直行,NAVIGATING,0.61,0.21,0,/moderate,1785,2803,1248,2.7,17.2,10.0,12.7,0.9,20.0,0.0,0.0,19.0,1.8,1.8,24.5,0.9,39.9,2.7,29.5,180.2,116.6,84.1,0.1,48.0,0.6,0.0,95.3,9.8,1.7,120.0,18.1,214.8,19.3
8,20.6,直行,NAVIGATING,0.6,0.04,0,/moderate,1785,1286,1248,2.7,16.5,10.1,12.8,0.0,12.8,0.0,0.0,19.2,0.9,1.8,15.6,1.8,42.1,2.7,14.1,155.6,77.5,71.0,0.1,24.2,0.4,0.1,76.1,14.4,4.8,128.2,9.2,214.7,14.2
8,21.8,直行,NAVIGATING,0.6,0.0,0,/moderate,1555,1286,1248,2.6,15.5,9.5,10.3,0.0,17.2,0.0,0.0,19.8,1.7,0.9,21.5,0.9,36.1,4.3,21.2,250.6,97.4,109.6,1.7,50.4,0.5,0.2,96.8,17.8,1.9,152.5,9.3,282.5,23.7
8,22.9,直行,NAVIGATING,0.6,0.01,0,/moderate,1555,1286,1248,3.7,16.6,11.0,12.9,0.0,10.1,0.0,0.0,18.4,1.8,0.9,21.2,1.8,42.3,2.8,19.7,206.0,108.3,101.4,0.4,29.2,0.3,0.1,109.0,10.7,14.4,181.5,9.3,274.5,29.1
8,24.0,直行,NAVIGATING,0.6,0.0,0,/moderate,1555,1286,1248,2.8,16.5,11.0,10.1,0.0,19.3,0.0,0.0,19.3,0.9,4.6,25.7,0.9,41.3,3.7,16.5,177.4,90.6,72.6,0.5,89.3,0.7,0.0,117.6,9.9,58.7,172.4,11.4,249.1,22.8
8,25.1,直行,NAVIGATING,0.28,0.0,0,/moderate,1785,1286,1248,1.8,17.5,10.1,9.2,0.0,15.6,0.9,0.0,19.3,2.8,0.9,20.2,1.8,41.4,3.7,16.9,233.5,111.1,91.1,0.9,33.1,0.4,0.0,94.1,11.4,5.9,126.3,9.2,175.0,22.8
8,26.2,静止,NAVIGATING,0.0,0.0,0,/moderate,1555,1286,1248,3.6,17.0,10.7,8.1,0.9,16.1,0.0,0.0,17.9,0.9,0.9,19.7,0.9,40.3,2.7,17.2,167.7,76.5,61.7,0.6,72.4,0.4,0.1,73.5,6.2,0.7,116.5,11.8,200.8,19.3
8,27.3,进站,NAVIGATING,0.2,0.0,0,/moderate,1555,1286,1248,2.8,15.6,9.2,25.7,0.0,19.3,0.0,0.0,16.6,1.8,0.9,21.1,0.9,38.6,2.8,15.9,176.9,70.4,78.9,1.1,61.4,2.3,0.0,65.7,10.8,1.4,132.6,6.8,176.2,13.6
8,28.4,进站,NAVIGATING,0.2,0.0,0,/moderate,1555,1286,1248,2.8,17.4,10.1,8.3,0.0,11.9,0.0,0.0,20.2,1.8,9.2,29.3,1.8,39.4,2.8,15.6,165.8,68.2,58.9,0.1,33.1,1.2,0.0,79.3,9.3,25.2,143.1,5.8,139.8,21.2
8,29.4,进站,NAVIGATING,0.07,0.0,0,/moderate,1555,1286,1248,2.8,15.6,9.2,7.4,0.0,19.3,0.0,0.0,18.4,0.9,0.9,21.1,1.8,37.7,3.7,24.8,196.0,121.0,72.4,2.1,70.7,2.5,0.1,110.8,13.3,7.4,192.1,11.4,238.7,31.9
8,30.6,静止,NAVIGATING,0.01,0.0,0,/moderate,1785,1286,1248,2.7,15.2,10.7,8.0,0.0,10.7,0.0,0.0,16.9,0.9,0.0,16.9,0.9,35.7,2.7,18.1,292.0,124.4,84.9,2.7,36.2,2.1,7.6,104.8,9.5,1.8,237.8,5.8,384.3,26.3
8,31.7,静止,NAVIGATING,0.0,0.0,0,/moderate,2016,1286,1248,2.7,13.6,9.0,7.2,0.0,19.9,0.9,0.0,14.5,2.7,0.9,17.2,0.9,29.8,2.7,14.1,307.6,144.3,106.9,0.7,244.0,0.0,0.0,210.0,7.4,4.9,466.0,20.2,479.3,38.8
8,32.8,静止,ARRIVED,0.0,0.0,0,/moderate,1555,1286,1248,2.7,12.8,8.2,19.2,0.0,10.0,0.0,0.0,12.8,0.9,0.0,10.0,0.9,31.1,2.7,25.4,184.8,0.0,0.0,10.6,57.7,1.1,0.0,101.4,13.7,5.5,278.6,13.3,375.2,38.8
9,1.0,静止,NAVIGATING,0.0,0.0,0,/moderate,1555,2323,1248,2.8,12.9,8.3,7.4,0.0,16.5,0.9,0.0,14.7,1.8,7.4,29.4,0.9,32.2,2.8,17.2,166.0,97.0,95.6,1.9,97.5,0.8,0.1,82.7,8.4,60.0,216.5,18.0,243.7,30.5
9,2.1,转向,NAVIGATING,0.0,0.6,0,/moderate,1555,1286,1248,2.7,15.3,9.9,7.2,0.9,10.8,0.0,0.0,16.2,1.8,0.0,12.6,0.9,33.4,2.7,34.6,322.3,155.3,132.3,0.3,158.7,3.8,0.1,180.9,16.2,11.8,278.8,27.4,387.9,49.5
9,3.2,转向,NAVIGATING,0.0,0.6,0,/moderate,1555,2803,1248,3.6,15.5,10.0,7.3,0.0,18.2,0.9,0.0,17.3,1.8,0.9,21.0,1.8,32.8,2.7,47.9,320.9,142.5,114.8,1.4,287.0,1.8,0.0,143.7,16.9,3.6,330.6,13.1,371.6,57.9
9,4.3,转向,NAVIGATING,0.0,0.6,0,/moderate,1785,2457,1248,1.8,13.4,9.8,8.1,0.0,12.5,0.0,0.0,17.9,0.9,0.9,18.8,0.9,33.1,2.7,28.7,312.1,108.6,111.2,0.6,158.9,4.2,0.0,181.5,13.7,3.4,267.7,9.4,371.8,47.2
9,5.5,转向,NAVIGATING,0.0,0.6,0,/moderate,1785,1286,1248,3.5,13.9,9.5,6.1,0.0,12.1,0.0,0.0,17.4,1.7,0.0,14.8,0.9,32.1,2.6,30.8,288.1,177.5,131.1,0.4,95.8,1.3,0.0,174.2,15.3,0.7,286.0,12.3,336.9,48.8
9,6.6,转向,NAVIGATING,0.01,0.31,0,/moderate,1785,2803,1248,1.8,13.2,8.8,7.0,0.9,15.0,0.0,0.0,15.9,0.9,7.0,24.7,0.9,31.7,3.5,19.3,287.9,133.3,94.1,1.0,152.4,0.7,0.0,168.5,10.2,61.5,324.3,12.8,497.5,45.1
9,7.7,静止,NAVIGATING,0.0,0.05,0,/moderate,1785,1286,1248,3.6,13.5,9.0,7.2,0.0,9.9,0.0,0.0,16.2,1.8,0.9,13.5,1.8,31.4,1.8,13.9,298.7,149.3,121.6,0.4,43.2,4.2,0.0,145.4,12.7,9.2,316.4,11.3,570.5,52.1
9,8.8,静止,NAVIGATING,0.0,0.0,0,/moderate,1785,1286,1248,2.7,13.7,10.1,7.3,0.0,15.6,0.0,0.0,15.6,1.8,0.9,19.2,0.9,33.0,2.7,18.8,251.9,83.5,95.1,1.9,128.9,0.5,0.0,141.2,5.7,1.0,282.4,13.3,353.2,44.6
9,9.9,直行,NAVIGATING,0.39,0.01,0,/moderate,2016,1286,1248,2.7,15.5,10.1,10.1,0.0,11.0,0.0,0.0,16.4,1.8,0.0,12.8,0.9,34.7,3.7,28.3,278.4,119.1,114.1,1.7,40.8,11.1,0.7,137.4,11.9,4.3,251.3,9.0,383.7,29.5
9,11.0,直行,NAVIGATING,0.6,0.0,0,/moderate,1555,1286,1248,2.7,16.4,10.0,12.7,0.0,17.3,0.0,0.0,18.2,0.9,0.0,28.2,0.9,38.2,2.7,18.9,213.1,86.1,114.9,0.5,41.8,0.1,0.0,129.4,10.6,0.7,192.4,6.8,284.2,25.3
9,12.1,直行,NAVIGATING,0.6,0.0,0,/moderate,1555,1286,1248,2.8,15.6,9.2,11.0,0.0,11.0,0.0,0.0,18.4,0.9,6.4,21.1,1.8,38.5,2.8,15.9,245.5,83.7,88.2,0.8,38.9,2.9,0.0,118.3,7.4,71.2,187.0,8.3,231.6,28.6
9,13.2,直行,NAVIGATING,0.6,0.0,0,/moderate,1555,1286,1248,2.7,17.2,10.9,11.8,0.0,19.0,0.9,0.0,19.0,2.7,0.9,19.9,0.9,40.8,3.6,15.9,197.0,79.3,80.3,1.2,114.1,0.1,0.2,104.4,8.3,8.2,177.1,8.4,259.8,33.4
9,14.3,直行,NAVIGATING,0.6,0.01,0,/moderate,1785,1286,1248,2.7,13.6,9.1,10.0,0.0,12.7,0.0,0.0,16.3,0.9,0.9,19.0,1.8,30.8,1.8,26.2,285.9,122.8,126.2,0.8,99.9,1.4,0.2,136.7,10.4,1.5,299.6,19.5,444.0,54.6
9,15.4,直行,NAVIGATING,0.6,0.01,0,/moderate,2016,2803,1248,2.8,14.8,10.2,12.0,0.0,13.0,0.9,0.0,18.5,0.9,0.9,14.8,0.9,37.0,2.8,30.2,240.2,115.6,117.0,2.8,76.6,1.0,0.0,131.5,12.8,2.7,322.8,15.3,319.9,31.9
9,16.5,直行,NAVIGATING,0.58,0.35,0,/moderate,2016,1785,1248,1.9,12.1,7.4,9.3,0.0,13.0,0.0,0.0,13.9,1.9,6.5,29.7,0.9,26.0,1.9,16.4,130.3,83.8,58.4,0.3,59.3,0.4,0.1,56.4,7.5,39.9,119.2,7.5,115.9,13.5
9,17.5,直行,NAVIGATING,0.6,0.56,0,/moderate,2016,1286,1248,2.8,12.1,7.5,8.4,0.9,8.4,0.0,0.0,13.1,0.9,8.4,28.9,0.9,28.0,2.8,14.9,162.4,78.7,66.1,0.5,17.2,0.4,0.1,81.3,15.6,69.9,144.8,12.5,136.1,35.3
9,18.6,直行,NAVIGATING,0.6,0.53,0,/moderate,2016,2803,2092,1.9,12.2,7.5,9.4,0.0,13.1,0.0,0.0,15.0,0.9,0.0,17.8,0.9,28.1,2.8,18.0,138.2,65.5,61.4,0.8,43.4,0.1,0.1,80.3,5.3,5.0,102.7,5.0,211.2,15.7
9,19.7,直行,NAVIGATING,0.6,0.09,0,/moderate,2016,2803,2092,2.8,12.1,8.4,8.4,0.0,10.2,0.0,0.0,14.0,1.9,2.8,13.0,0.9,27.9,1.9,29.7,127.4,73.2,69.6,0.1,34.0,0.0,0.0,64.0,13.3,32.9,116.0,12.5,144.2,16.1
9,20.7,直行,NAVIGATING,0.6,0.03,0,/moderate,2016,2803,2092,1.9,11.1,7.4,9.3,0.0,13.0,0.0,0.0,14.9,0.9,0.9,14.9,0.9,26.0,1.9,14.4,104.6,53.6,43.6,1.0,25.4,0.1,0.1,40.9,5.9,4.3,87.9,7.2,85.0,14.3
9,21.8,直行,NAVIGATING,0.6,0.0,0,/moderate,2016,2054,2092,1.8,12.9,8.3,8.3,0.0,7.4,0.0,0.0,14.8,1.8,0.9,13.8,0.9,27.7,2.8,10.3,142.7,62.7,84.7,0.7,26.2,3.9,0.1,50.3,7.3,3.3,106.5,4.8,185.4,17.1
9,22.9,直行,NAVIGATING,0.6,0.0,0,/moderate,2016,2054,2092,2.8,13.1,9.4,7.5,0.0,15.9,0.0,0.0,15.0,0.9,6.5,24.3,0.9,28.1,2.8,10.6,139.6,71.3,68.8,0.1,42.3,0.1,0.0,67.9,12.3,48.0,129.8,12.8,173.7,28.1
9,24.0,直行,NAVIGATING,0.56,0.0,0,/moderate,1785,1286,1248,2.8,14.8,8.3,10.1,0.9,12.0,0.0,0.0,16.6,1.8,0.9,16.6,1.8,36.9,2.8,32.4,147.9,85.1,104.1,0.6,23.9,0.1,0.0,79.5,10.1,3.0,165.1,18.5,235.6,23.1
9,25.1,直行,NAVIGATING,0.22,0.0,0,/moderate,1555,1286,1248,2.7,16.4,10.0,9.1,0.0,18.2,0.9,0.9,19.1,0.9,0.9,20.9,0.9,38.2,2.7,13.8,165.4,84.7,71.7,1.5,98.3,0.9,0.0,92.3,7.9,5.4,157.2,10.5,166.9,22.1
9,26.2,静止,NAVIGATING,0.0,0.0,0,/moderate,1555,1286,1248,2.7,16.2,9.9,13.5,0.0,11.7,0.0,0.0,17.1,0.9,0.9,18.0,0.9,36.9,2.7,17.5,129.5,69.5,102.9,0.6,28.2,0.1,0.0,59.0,6.4,3.7,102.6,5.0,143.9,14.9
9,27.3,进站,NAVIGATING,0.2,0.0,0,/moderate,1555,1286,1248,2.7,13.6,9.0,11.7,0.0,15.4,0.0,0.0,14.5,2.7,4.5,24.4,0.9,30.7,2.7,30.8,302.9,148.7,148.1,2.0,98.0,10.8,0.0,123.9,18.4,90.3,328.4,14.6,390.9,58.7
9,28.4,进站,NAVIGATING,0.2,0.01,0,/moderate,1555,1286,1248,2.8,13.8,8.3,7.4,0.0,17.5,0.0,0.0,17.5,1.8,2.8,23.0,1.8,32.2,2.8,21.5,243.8,119.3,92.1,0.2,101.3,2.8,0.0,155.2,11.8,83.3,299.7,9.2,354.3,45.4
9,29.5,进站,NAVIGATING,0.05,0.0,0,/moderate,1555,1286,1248,2.7,17.2,10.0,8.1,0.0,12.7,0.0,0.0,19.9,0.9,0.9,18.1,0.9,40.7,4.5,15.5,202.6,84.7,51.9,1.4,30.2,1.5,0.1,107.4,14.3,0.6,115.5,8.0,182.9,25.0
9,30.6,静止,NAVIGATING,0.01,0.0,0,/moderate,2016,2803,1248,2.8,16.5,10.1,8.3,0.0,18.4,0.0,0.0,18.4,1.8,0.9,23.9,0.9,38.6,1.8,14.8,166.5,82.4,56.3,0.5,42.2,0.4,0.2,65.9,12.3,1.0,141.7,9.1,185.2,38.8
9,31.7,静止,NAVIGATING,0.0,0.0,0,/moderate,2016,1286,1248,2.7,16.2,9.9,8.1,0.0,9.9,0.0,0.0,16.2,0.9,0.9,15.3,1.8,36.1,4.5,22.1,191.5,101.3,72.7,1.1,28.4,0.3,0.0,82.4,20.6,2.1,170.2,7.5,193.9,22.7
9,32.8,静止,ARRIVED,0.0,0.0,0,/moderate,1555,1286,1248,2.8,12.9,6.5,14.8,0.9,17.5,0.0,0.0,13.8,1.8,8.3,29.5,0.9,32.3,0.9,21.4,195.7,0.0,0.0,1.0,86.4,0.1,0.0,104.5,10.0,30.8,251.8,11.1,297.2,21.6
10,1.0,静止,NAVIGATING,0.0,0.0,0,/moderate,1555,1286,1248,3.7,16.5,10.1,8.3,0.0,11.9,0.0,0.0,16.5,1.8,0.0,13.8,1.8,40.4,3.7,23.8,205.5,103.2,64.7,1.2,31.8,0.7,0.1,82.8,10.7,5.8,142.9,8.9,199.8,24.4
10,2.1,转向,NAVIGATING,0.0,0.59,0,/moderate,1555,1286,1248,2.8,15.6,9.2,7.4,0.0,18.4,0.9,0.0,15.6,0.9,0.9,23.9,0.9,36.8,2.8,29.4,241.1,120.3,87.8,1.1,152.5,0.1,0.1,113.6,21.8,6.1,216.1,25.1,265.0,46.0
10,3.2,转向,NAVIGATING,0.0,0.6,0,/moderate,1785,1286,1248,2.7,17.8,11.6,8.9,0.0,12.5,0.0,0.0,18.7,2.7,0.9,17.8,1.8,41.0,3.6,20.5,132.1,90.1,65.0,2.2,25.8,3.1,0.0,73.7,13.4,1.0,145.8,8.8,178.7,41.7
10,4.3,转向,NAVIGATING,0.0,0.6,0,/moderate,1459,1286,1248,2.8,16.6,10.2,7.4,0.0,17.6,0.0,0.0,20.3,0.9,1.8,22.2,0.9,41.6,2.8,21.8,240.5,100.0,100.0,0.6,80.6,0.2,0.0,123.8,13.2,4.8,278.3,19.9,341.6,71.0
10,5.4,转向,NAVIGATING,0.0,0.6,0,/moderate,1900,1286,1248,2.8,15.7,10.2,8.3,0.0,13.8,0.9,0.0,18.5,1.8,7.4,25.9,0.9,37.9,2.8,13.3,195.8,91.4,56.7,0.8,74.0,1.6,0.1,99.0,6.0,24.6,170.7,7.2,190.0,31.0
10,6.5,转向,NAVIGATING,0.01,0.46,0,/moderate,1459,1286,1248,3.7,16.5,10.1,8.2,0.0,15.6,0.0,0.0,19.2,1.8,0.9,21.1,1.8,41.2,3.7,12.8,137.7,83.2,67.0,2.1,56.1,0.4,0.0,81.6,11.8,0.4,149.7,7.4,164.5,21.4
10,7.6,静止,NAVIGATING,0.0,0.06,0,/moderate,1555,1286,1248,2.7,17.3,10.0,8.2,0.9,19.1,0.9,0.0,18.2,0.9,0.9,22.8,1.8,40.1,3.6,17.6,143.4,88.7,70.0,0.3,32.6,0.7,0.0,103.0,15.9,5.2,150.8,10.0,166.6,25.5
10,8.6,静止,NAVIGATING,0.0,0.0,0,/moderate,1555,1286,1248,1.8,16.6,9.2,7.4,0.9,12.0,0.0,0.0,18.4,1.8,0.0,16.6,0.9,39.6,2.8,26.7,179.1,104.4,72.5,0.6,32.6,0.3,0.0,84.2,10.3,11.6,181.4,11.4,212.6,29.1
10,9.7,直行,NAVIGATING,0.19,0.03,0,/moderate,1555,2803,1248,3.7,15.7,11.1,10.2,0.0,19.4,0.0,0.0,15.7,1.8,0.9,22.2,1.8,39.7,2.8,15.2,147.1,79.0,86.7,0.9,55.6,3.2,0.0,60.7,9.9,1.0,160.5,9.1,185.9,30.4
10,10.8,直行,NAVIGATING,0.6,0.0,0,/moderate,1785,1286,1248,1.8,16.6,9.2,12.0,0.0,12.9,0.0,0.0,18.5,0.9,9.2,26.8,0.9,41.5,2.8,16.6,197.1,82.3,86.1,6.0,48.4,0.0,0.0,104.3,12.0,27.7,147.9,9.2,258.0,35.9
10,11.9,直行,NAVIGATING,0.6,0.0,0,/moderate,1555,1286,1248,3.7,16.6,10.2,12.0,0.0,17.5,0.0,0.0,17.5,1.8,0.9,23.1,0.9,40.6,3.7,18.6,165.9,71.5,95.0,0.6,49.2,0.1,0.0,89.8,11.9,1.8,157.0,4.9,245.3,31.4
10,13.0,直行,NAVIGATING,0.6,0.0,0,/moderate,1459,1286,1248,2.7,16.4,10.9,13.7,0.0,12.8,0.0,0.0,19.2,1.8,0.0,21.0,1.8,42.0,3.6,17.6,155.1,86.8,81.1,1.8,15.9,1.0,0.0,76.3,15.5,0.3,106.5,16.3,181.4,24.3
10,14.1,直行,NAVIGATING,0.6,0.0,0,/moderate,1228,1286,1248,2.7,15.5,9.1,11.8,0.0,18.2,0.0,0.0,18.2,1.8,0.9,22.8,0.9,40.1,2.7,16.3,150.2,93.8,87.2,0.5,48.6,0.2,0.0,69.1,10.8,1.3,142.9,12.4,156.7,45.3
10,15.2,直行,NAVIGATING,0.6,0.0,0,/moderate,1555,1286,1248,2.7,17.3,10.9,13.7,0.0,12.8,0.0,0.0,20.1,0.9,1.8,16.4,1.8,42.9,3.6,12.9,162.9,72.9,89.7,0.1,22.3,0.6,0.0,102.3,11.0,4.4,152.4,6.1,181.2,25.0
10,16.3,直行,NAVIGATING,0.59,0.2,0,/moderate,1785,1286,1248,2.7,15.5,10.0,12.8,0.0,19.2,0.0,0.0,18.2,1.8,6.4,31.0,1.8,38.3,2.7,24.3,208.0,92.2,112.6,0.5,60.3,1.4,0.0,126.6,9.5,49.4,199.2,12.0,306.7,37.6
10,17.4,直行,NAVIGATING,0.6,0.55,0,/moderate,1555,1286,1248,3.7,16.6,9.2,12.9,0.0,13.8,0.0,0.0,20.3,0.9,0.9,17.5,0.0,39.6,2.8,15.1,165.1,60.9,83.8,1.2,33.5,0.5,0.1,99.3,7.0,1.3,135.7,7.7,161.1,30.6
10,18.5,直行,NAVIGATING,0.6,0.54,0,/moderate,1785,1286,1248,1.8,17.4,10.1,11.9,0.9,14.7,0.0,0.0,20.2,2.8,0.9,21.1,1.8,37.6,2.8,19.6,160.1,65.8,70.2,0.7,48.6,0.6,0.0,83.0,7.1,4.4,145.3,9.1,187.8,30.7
10,19.6,直行,NAVIGATING,0.61,0.18,0,/moderate,1900,1651,1248,2.7,13.6,10.0,11.8,0.0,19.1,0.9,0.0,17.3,0.9,0.9,20.9,1.8,36.4,3.6,31.7,217.7,120.1,113.5,0.8,80.5,2.6,0.4,113.7,10.7,10.9,262.1,11.8,281.8,43.3
10,20.6,直行,NAVIGATING,0.6,0.05,0,/moderate,2016,1920,1248,2.8,14.9,9.3,10.3,0.0,11.2,0.0,0.0,18.7,1.9,5.6,20.5,0.0,37.3,2.8,27.7,217.0,136.9,91.2,1.1,58.6,1.2,0.1,109.7,11.9,22.6,180.1,13.8,249.1,43.4
10,21.7,直行,NAVIGATING,0.6,0.0,0,/moderate,2016,2803,1248,2.8,12.1,7.5,8.4,0.0,13.1,0.0,0.0,13.1,0.9,0.0,16.8,0.9,27.1,1.9,9.8,90.7,41.4,52.3,0.5,23.2,0.6,0.0,41.5,8.4,0.3,92.5,9.0,89.8,15.2
10,22.8,直行,NAVIGATING,0.6,0.0,0,/moderate,2016,2803,2956,2.8,11.1,7.4,8.3,0.0,8.3,0.0,0.0,13.9,0.9,0.9,13.0,1.9,26.8,2.8,15.3,126.8,57.1,64.7,0.0,16.5,0.5,0.0,63.5,20.2,0.9,56.4,13.9,62.5,18.7
10,23.9,直行,NAVIGATING,0.6,0.01,0,/moderate,1555,1286,1248,1.8,14.7,9.2,9.2,0.0,18.4,0.0,0.0,16.6,1.8,0.0,23.0,0.9,35.0,1.8,21.9,237.8,100.1,107.6,1.5,109.7,0.2,0.0,107.6,13.0,14.8,219.8,9.1,303.5,41.7
10,25.0,直行,NAVIGATING,0.32,0.0,0,/moderate,1555,1286,1248,2.7,16.3,9.9,9.0,0.9,11.7,0.0,0.0,18.1,1.8,0.9,17.2,0.9,40.7,3.6,16.1,178.0,86.9,74.6,1.1,30.6,0.5,0.0,89.9,12.1,1.0,115.3,9.9,192.8,36.0
10,26.1,静止,NAVIGATING,0.0,0.0,0,/moderate,1670,1286,1248,2.7,16.3,10.0,7.3,0.0,16.3,0.0,0.0,18.1,0.9,8.2,27.2,1.8,38.1,3.6,17.9,160.0,92.8,71.9,0.6,41.7,0.4,0.1,69.3,11.9,40.1,213.1,12.3,213.3,39.0
10,27.2,进站,NAVIGATING,0.2,0.0,0,/moderate,1555,1286,1248,2.7,16.5,9.1,20.1,0.0,13.7,0.9,0.0,17.4,1.8,1.8,17.4,0.9,41.2,2.7,12.6,149.5,87.0,78.4,0.2,26.4,0.5,0.0,62.4,6.8,7.6,120.5,6.1,177.2,27.8
10,28.3,进站,NAVIGATING,0.2,0.0,0,/moderate,1555,1286,1248,2.7,17.4,11.0,7.3,0.0,19.2,0.9,0.0,18.3,1.8,0.0,22.9,1.8,39.4,2.7,12.5,123.5,75.9,56.1,1.7,41.9,0.2,0.0,81.2,8.9,4.1,161.4,13.9,142.8,26.6
10,29.3,进站,NAVIGATING,0.07,0.0,0,/moderate,1555,1286,1248,3.7,18.5,10.2,8.3,0.0,13.9,0.0,0.0,19.5,1.9,0.9,19.5,1.9,40.8,2.8,18.9,158.4,96.5,55.6,1.4,41.1,0.4,0.0,84.9,8.8,6.1,110.3,11.4,145.1,18.8
10,30.4,静止,NAVIGATING,0.01,0.0,0,/moderate,1555,1286,1248,2.8,18.4,11.0,8.3,0.0,16.5,0.0,0.0,19.3,0.9,0.9,21.1,0.0,39.5,3.7,12.7,146.6,62.0,45.0,1.0,59.3,0.1,0.0,70.9,5.8,4.1,145.6,5.2,189.6,22.1
10,31.5,静止,NAVIGATING,0.0,0.0,0,/moderate,1555,1286,1248,2.7,16.5,9.2,7.3,0.0,19.2,0.9,0.0,16.5,0.9,8.2,31.2,1.8,38.5,3.7,16.8,182.3,78.0,51.5,0.7,58.3,0.1,0.0,73.2,8.7,39.0,187.0,7.6,199.0,22.9
10,32.6,静止,ARRIVED,0.0,0.0,0,/moderate,1555,1286,1248,3.7,17.5,10.1,18.5,0.9,12.9,0.0,0.0,14.8,2.8,0.9,20.3,0.9,42.4,2.8,13.2,140.4,0.0,0.0,0.4,23.2,0.4,0.1,45.8,11.1,0.8,122.8,14.0,210.2,18.6
11,1.0,静止,NAVIGATING,0.0,0.0,0,/moderate,1555,2457,1248,2.7,16.4,10.0,7.3,0.0,19.1,0.0,0.0,15.5,1.8,0.9,24.6,1.8,40.0,2.7,13.6,143.4,70.5,47.7,0.9,40.7,0.2,0.0,69.9,9.3,0.3,125.8,4.3,130.7,17.3
11,2.1,转向,NAVIGATING,0.0,0.6,0,/moderate,1555,2457,1248,1.8,18.1,10.8,9.9,0.0,12.6,0.0,0.0,19.0,0.9,0.0,16.3,1.8,42.5,3.6,14.9,162.7,102.7,64.9,0.1,34.7,0.2,0.0,91.8,6.2,4.3,148.2,8.9,202.1,20.9
11,3.2,转向,NAVIGATING,0.0,0.6,0,/moderate,1555,1286,1248,3.7,16.5,11.0,8.3,0.0,18.4,0.0,0.0,20.2,1.8,0.9,23.9,0.0,41.3,3.7,16.7,204.5,111.7,64.4,1.6,51.1,0.5,0.0,131.9,16.0,12.7,165.2,11.5,208.9,22.0
11,4.3,转向,NAVIGATING,0.0,0.6,0,/moderate,1555,1286,1248,1.8,16.5,10.1,7.3,0.9,12.8,0.9,0.0,18.3,1.8,10.1,26.5,1.8,41.1,3.7,18.2,168.7,83.7,51.9,1.3,31.3,2.2,0.0,92.0,7.0,27.2,144.3,6.8,190.8,27.8
11,5.4,转向,NAVIGATING,0.0,0.6,0,/moderate,1785,1286,1248,2.8,17.5,9.2,8.3,0.0,20.3,0.0,0.0,19.4,1.8,0.0,22.1,0.9,42.4,2.8,17.0,180.5,86.5,86.7,0.1,42.0,0.2,0.0,81.1,11.1,0.4,166.9,4.9,225.8,20.9
11,6.5,转向,NAVIGATING,0.01,0.4,0,/moderate,1555,1286,1248,2.7,17.4,11.0,8.2,0.0,12.8,0.0,0.0,20.1,0.9,1.8,18.3,1.8,40.3,3.7,14.1,171.1,71.3,50.4,1.0,32.4,0.7,0.0,70.1,16.2,2.9,125.0,7.0,177.1,26.7
11,7.6,静止,NAVIGATING,0.0,0.06,0,/moderate,1555,1286,1248,2.8,16.6,9.2,8.3,0.0,20.3,0.0,0.0,18.4,1.8,0.0,23.0,1.8,41.4,2.8,15.6,144.8,86.0,43.7,1.1,51.5,0.3,0.1,88.2,11.0,0.9,122.6,10.8,170.9,15.3
11,8.7,静止,NAVIGATING,0.0,0.0,0,/moderate,1555,1286,1248,3.6,17.2,10.9,8.1,0.0,13.6,0.9,0.0,17.2,1.8,1.8,20.8,0.0,40.7,3.6,27.6,186.2,131.8,56.8,1.3,59.5,1.3,0.1,90.3,16.6,14.7,141.9,14.8,240.5,24.8
11,9.8,直行,NAVIGATING,0.21,0.05,0,/moderate,1785,1286,1248,2.8,15.6,10.1,11.0,0.0,17.5,0.0,0.0,16.6,1.8,4.6,26.7,1.8,43.3,2.8,18.7,181.9,99.9,68.7,1.5,81.5,0.4,0.0,79.1,8.8,51.0,204.3,6.7,225.2,20.3
11,10.9,直行,NAVIGATING,0.6,0.01,0,/moderate,1555,1286,1248,2.7,17.3,10.0,11.8,0.0,20.0,0.0,0.0,19.1,0.9,0.9,26.3,1.8,40.0,3.6,15.5,198.2,63.9,84.6,0.2,38.3,1.7,0.3,97.8,13.1,2.2,183.2,9.5,166.0,18.5
11,12.0,直行,NAVIGATING,0.6,0.01,0,/moderate,1555,1286,1248,3.7,16.5,11.0,12.8,0.0,11.9,0.0,0.0,19.2,1.8,0.0,13.7,0.9,41.2,2.7,13.8,152.4,81.2,66.9,0.2,30.3,0.3,0.1,73.4,8.4,1.6,121.4,6.1,209.8,17.6
11,13.0,直行,NAVIGATING,0.6,0.0,0,/moderate,1900,2457,1248,1.9,15.8,9.3,12.1,0.9,19.5,0.0,0.0,18.6,1.9,0.9,24.1,1.9,39.0,3.7,9.7,165.0,58.7,69.7,1.5,40.0,0.7,0.0,83.1,3.6,2.1,123.0,8.9,217.7,16.7
11,14.1,直行,NAVIGATING,0.6,0.0,0,/moderate,1555,1286,1248,2.8,16.5,10.1,11.9,0.0,13.8,0.0,0.0,18.4,0.9,13.8,28.4,0.9,39.5,2.8,23.7,163.5,86.6,108.3,0.1,38.2,0.1,0.0,104.6,8.3,48.6,163.0,9.8,226.8,14.0
11,15.2,直行,NAVIGATING,0.6,0.0,0,/moderate,1459,1286,1248,2.8,13.9,9.2,12.9,0.0,18.5,0.0,0.0,16.6,1.8,11.1,44.3,0.9,38.8,2.8,24.9,187.2,80.6,88.1,0.6,66.4,0.5,0.0,110.6,8.5,71.8,237.3,12.4,226.2,27.0
11,16.3,直行,NAVIGATING,0.59,0.21,0,/moderate,1555,1286,1248,3.7,17.6,10.2,12.9,0.9,12.9,0.9,0.9,19.4,0.9,0.0,19.4,1.8,42.5,3.7,20.7,176.6,88.2,59.8,10.6,48.2,0.3,0.0,116.8,6.1,2.2,147.1,6.1,185.0,22.5
11,17.4,直行,NAVIGATING,0.6,0.55,0,/moderate,1555,2188,1248,2.8,15.7,10.1,12.9,0.0,18.4,0.0,0.0,21.2,1.8,0.9,23.9,0.9,40.5,2.8,19.4,176.8,78.4,88.2,0.0,65.5,0.1,0.0,74.3,13.9,0.9,128.2,15.1,184.8,21.2
11,18.5,直行,NAVIGATING,0.6,0.55,0,/moderate,1555,1286,1248,2.8,16.6,9.2,11.0,0.0,12.0,0.0,0.0,20.2,1.8,1.8,14.7,1.8,38.6,2.8,12.4,167.1,97.9,86.9,0.9,45.9,1.0,0.0,83.3,17.1,1.5,144.4,11.9,183.3,15.6
11,19.6,直行,NAVIGATING,0.61,0.17,0,/moderate,1555,1286,1248,2.8,15.6,10.1,12.0,0.0,18.4,0.9,0.0,20.2,1.8,0.0,21.2,0.9,41.4,3.7,24.3,171.9,91.6,62.6,3.1,44.8,1.2,0.2,77.2,9.2,2.9,169.4,9.8,172.1,18.3
11,20.7,直行,NAVIGATING,0.6,0.04,0,/moderate,1555,1286,1248,1.8,16.5,11.0,12.8,0.0,12.8,0.0,0.0,18.3,0.9,6.4,24.7,0.9,41.2,2.7,18.2,193.0,72.1,88.8,0.5,48.5,1.0,0.1,118.9,5.5,31.6,130.7,6.8,225.3,19.3
11,21.7,直行,NAVIGATING,0.6,0.01,0,/moderate,1555,1286,1248,3.7,16.6,9.2,12.0,0.0,20.3,0.0,0.0,18.5,1.8,0.9,24.0,1.8,41.6,3.7,24.7,214.8,123.7,115.8,4.0,58.5,0.9,0.0,88.5,15.2,18.7,164.7,13.3,239.9,21.0
11,22.8,直行,NAVIGATING,0.6,0.01,0,/moderate,1555,1286,1248,2.8,16.6,10.1,12.0,0.0,17.5,0.0,0.0,19.4,1.8,0.0,20.3,1.8,41.5,3.7,13.6,136.9,67.2,93.2,1.7,39.5,0.3,0.0,83.3,9.5,2.3,111.6,6.5,179.0,16.4
11,23.9,直行,NAVIGATING,0.59,0.0,0,/moderate,1555,1286,1248,3.6,17.2,10.9,10.9,0.0,15.4,0.0,0.0,19.9,0.9,1.8,19.0,0.9,40.8,2.7,12.8,169.7,84.1,80.8,0.9,51.0,0.2,0.1,89.8,9.0,1.9,149.2,8.2,185.3,30.0
11,25.0,直行,NAVIGATING,0.28,0.0,0,/moderate,1670,2457,1248,1.8,15.6,10.1,10.1,0.0,18.3,0.9,0.0,19.2,1.8,7.3,32.1,1.8,38.5,3.7,17.0,174.5,84.7,62.3,0.7,64.2,1.7,0.0,116.5,11.5,40.7,189.0,14.2,209.7,31.3
11,26.1,静止,NAVIGATING,0.0,0.0,0,/moderate,1785,1286,1248,2.7,17.2,10.0,8.2,0.0,12.7,0.0,0.0,19.0,1.8,0.9,17.2,0.9,43.5,3.6,17.7,176.3,94.3,76.0,0.7,23.2,0.2,0.0,74.3,8.2,0.0,152.2,10.0,154.5,33.7
11,27.2,进站,NAVIGATING,0.2,0.0,0,/moderate,1344,1286,2726,3.7,16.6,10.1,19.4,0.9,20.3,0.9,0.0,18.5,1.8,0.9,24.9,1.8,37.8,1.8,14.0,168.5,73.7,98.0,0.9,61.3,0.3,0.1,106.2,8.9,5.3,133.6,6.2,206.4,22.5
11,28.3,进站,NAVIGATING,0.2,0.0,0,/moderate,1459,1286,1248,2.8,16.5,9.2,8.3,0.0,11.9,0.0,0.0,21.1,0.9,0.0,19.3,0.0,41.3,3.7,17.5,173.0,86.0,72.0,0.6,28.6,0.5,0.0,79.1,10.0,3.3,182.9,4.0,205.9,23.1
11,29.4,进站,NAVIGATING,0.06,0.0,0,/moderate,1344,1286,1248,2.8,17.5,11.1,8.3,0.0,19.4,0.0,0.0,19.4,1.8,0.9,24.0,1.8,40.6,3.7,13.3,211.8,84.6,48.6,0.3,53.5,0.1,0.0,92.2,8.8,2.6,134.8,13.5,192.9,27.9
11,30.5,静止,NAVIGATING,0.01,0.0,0,/moderate,1555,1286,1248,2.8,16.5,9.2,8.3,0.0,12.8,0.0,0.0,20.2,0.9,9.2,26.6,0.9,39.5,2.8,10.9,186.6,99.0,73.3,0.1,34.7,0.9,0.0,115.6,12.9,39.6,139.0,15.4,186.1,37.5
11,31.5,静止,NAVIGATING,0.0,0.0,0,/moderate,1900,1286,1248,2.8,17.5,11.1,9.2,0.0,20.3,0.0,0.0,16.6,1.8,0.9,21.2,1.8,42.4,3.7,23.9,163.6,104.5,54.0,10.3,53.6,0.6,0.0,101.2,9.0,22.2,176.3,6.3,164.0,22.4
11,32.6,静止,ARRIVED,0.0,0.0,0,/moderate,1555,1286,1248,2.7,16.4,9.1,17.4,0.9,11.9,0.0,0.0,16.4,0.9,0.0,18.3,0.9,39.3,2.7,18.0,165.8,0.0,0.0,0.8,18.7,0.6,0.0,68.9,8.1,0.8,119.0,11.7,145.3,17.4
12,1.0,静止,NAVIGATING,0.0,0.0,0,/moderate,1555,1286,1248,2.8,18.4,10.1,8.3,0.0,18.4,0.0,0.0,16.5,2.8,0.9,21.1,0.9,42.2,2.8,24.6,171.3,86.6,62.5,0.9,51.5,0.1,0.0,80.3,9.5,10.8,130.3,7.4,188.6,18.2
12,2.1,转向,NAVIGATING,0.0,0.6,0,/moderate,1555,1286,1248,2.8,17.5,10.2,8.3,0.0,17.5,0.0,0.0,17.5,0.9,1.8,24.9,1.8,40.6,3.7,32.2,187.2,70.8,64.0,0.3,48.4,0.1,0.0,90.9,15.5,9.7,115.1,10.9,161.7,17.1
12,3.2,转向,NAVIGATING,0.0,0.6,0,/moderate,1459,1286,1248,2.8,17.6,10.2,8.3,0.9,14.8,0.0,0.0,18.5,2.8,7.4,27.7,0.9,40.7,3.7,19.7,190.6,102.3,65.2,3.6,45.8,0.2,0.1,88.5,10.5,23.3,165.0,23.4,188.7,22.4
12,4.3,转向,NAVIGATING,0.0,0.6,0,/moderate,1555,1286,1248,3.7,17.4,10.1,7.3,0.0,18.3,0.0,0.0,20.1,0.9,0.0,22.0,1.8,38.4,2.7,16.9,198.1,82.9,54.4,0.6,43.8,0.3,0.0,75.6,6.9,0.4,133.6,6.2,134.1,24.6
12,5.4,转向,NAVIGATING,0.0,0.6,0,/moderate,1555,2457,1248,1.8,18.3,11.0,9.2,0.0,11.9,0.9,0.0,20.2,0.9,0.9,20.2,1.8,42.2,2.8,11.7,148.9,73.7,48.8,0.2,21.9,0.0,0.0,64.8,11.8,1.8,143.3,6.1,132.7,15.6
12,6.4,转向,NAVIGATING,0.01,0.49,0,/moderate,1344,2457,1248,2.8,15.7,10.2,7.4,0.0,19.4,0.0,0.0,19.4,1.9,1.9,22.2,0.0,38.9,2.8,13.5,147.3,88.5,69.8,0.4,67.0,0.1,0.0,91.2,19.0,2.3,157.2,9.6,232.6,25.6
12,7.5,静止,NAVIGATING,0.0,0.07,0,/moderate,1555,1286,1248,3.7,18.3,10.1,7.3,0.0,11.9,0.9,0.0,19.2,1.8,0.0,19.2,2.7,43.0,4.6,7.4,173.4,80.7,44.9,0.9,24.4,0.1,0.0,64.8,6.4,4.3,115.9,6.2,156.8,20.0
12,8.6,静止,NAVIGATING,0.0,0.0,0,/moderate,1228,1286,1248,1.9,16.7,10.2,7.4,0.0,18.5,0.0,0.0,16.7,0.9,9.3,29.7,0.0,39.0,2.8,12.8,179.3,87.5,64.7,0.1,36.0,0.1,0.1,65.7,7.1,16.6,169.2,10.0,171.7,23.1
12,9.7,直行,NAVIGATING,0.23,0.04,0,/moderate,1555,1286,1248,2.8,18.5,11.1,12.0,0.0,12.0,0.0,0.0,18.5,1.8,0.9,16.6,1.8,42.5,2.8,12.3,168.4,75.2,58.5,1.4,31.9,0.1,0.0,59.5,4.4,4.0,118.7,9.8,208.1,21.8
12,10.8,直行,NAVIGATING,0.6,0.01,0,/moderate,1670,1286,1248,2.8,15.6,10.1,12.8,0.9,20.2,0.0,0.0,18.3,1.8,0.9,25.7,1.8,41.3,3.7,11.0,168.2,81.6,69.2,0.8,49.9,0.1,0.0,82.1,5.6,12.9,128.6,6.4,236.8,23.3
12,11.9,直行,NAVIGATING,0.6,0.01,0,/moderate,1555,1286,1248,3.7,18.3,10.1,11.9,0.0,10.1,0.0,0.0,19.3,0.9,0.9,14.7,0.9,40.4,2.8,10.9,190.9,92.5,77.8,0.4,16.8,0.6,0.1,67.2,6.2,0.8,103.6,7.7,208.3,16.0
12,13.0,直行,NAVIGATING,0.6,0.0,0,/moderate,1555,1286,1248,2.8,16.6,10.1,12.0,0.0,19.3,0.0,0.0,18.4,1.8,0.9,24.0,0.9,41.5,3.7,16.8,177.2,90.7,61.1,1.7,53.6,0.5,0.0,86.8,11.9,13.3,173.3,10.0,194.8,22.9
12,14.0,直行,NAVIGATING,0.6,0.0,0,/moderate,1900,1286,1248,2.8,18.3,10.1,13.8,0.0,13.8,0.9,0.0,19.3,0.9,7.3,28.4,1.8,40.4,3.7,17.1,192.8,56.2,73.1,0.8,44.6,1.0,0.0,104.5,7.5,47.9,202.4,11.3,267.5,25.5
12,15.1,直行,NAVIGATING,0.6,0.0,0,/moderate,1555,1286,1248,2.8,14.8,9.2,12.9,0.0,16.6,0.0,0.0,19.4,1.8,0.0,20.3,0.9,37.8,2.8,26.1,188.0,85.9,92.7,1.9,77.8,0.1,0.0,100.0,14.0,2.0,204.5,9.6,255.8,31.2
12,16.2,直行,NAVIGATING,0.59,0.21,0,/moderate,1555,1286,1248,2.8,17.6,10.2,13.0,0.0,19.5,0.0,0.0,17.6,1.9,1.9,22.2,1.9,39.8,2.8,17.4,180.7,94.2,69.8,0.9,61.4,1.4,0.0,100.4,8.8,3.8,135.2,7.3,220.5,19.7
12,17.3,直行,NAVIGATING,0.6,0.55,0,/moderate,1785,2188,1248,2.8,18.4,10.1,12.9,0.0,12.9,0.0,0.0,19.3,0.9,0.0,20.2,0.9,43.2,3.7,17.0,198.8,79.3,64.8,0.1,21.5,0.2,0.0,64.4,14.4,0.6,120.2,9.5,161.0,27.0
12,18.4,直行,NAVIGATING,0.6,0.54,0,/moderate,1555,2803,1248,2.7,15.5,9.1,11.8,0.9,18.2,0.9,0.0,18.2,1.8,7.3,30.0,1.8,37.3,2.7,15.0,183.5,79.7,99.6,0.2,37.2,0.1,0.1,92.5,20.6,27.9,166.4,15.3,195.1,14.3
12,19.5,直行,NAVIGATING,0.61,0.16,0,/moderate,1555,1286,1248,3.6,18.2,10.9,12.7,0.0,10.9,0.0,0.0,20.9,1.8,0.9,16.3,0.9,41.8,3.6,23.8,179.5,64.6,74.7,0.8,29.6,1.3,0.3,81.0,11.1,3.3,123.6,6.9,185.1,21.0
12,20.6,直行,NAVIGATING,0.6,0.04,0,/moderate,1785,1286,1248,1.8,16.5,10.1,11.9,0.0,19.3,0.0,0.0,19.3,0.9,0.0,22.1,1.8,41.3,2.8,14.9,212.9,78.5,76.5,0.8,67.7,0.1,0.1,119.3,8.1,0.5,138.2,6.6,213.6,14.5
12,21.7,直行,NAVIGATING,0.6,0.0,0,/moderate,1555,1286,1248,2.7,17.4,10.1,11.9,0.0,12.8,0.0,0.0,17.4,1.8,0.9,16.5,0.9,42.1,3.7,19.4,162.8,86.5,56.5,0.9,18.7,0.9,0.0,44.5,8.8,1.9,112.7,7.7,137.6,16.3
12,22.8,直行,NAVIGATING,0.6,0.0,0,/moderate,2016,1286,1248,2.7,17.3,10.0,10.9,0.0,18.2,0.0,0.0,20.0,1.8,1.8,23.7,0.9,39.1,3.6,17.5,204.9,105.6,99.3,0.4,51.2,0.3,0.0,82.6,14.9,4.3,164.6,16.1,198.5,22.0
12,23.9,直行,NAVIGATING,0.59,0.01,0,/moderate,1555,1286,1248,2.7,17.4,10.0,10.0,0.0,11.0,0.0,0.0,18.3,1.8,7.3,26.5,1.8,40.2,2.7,17.8,205.9,68.9,77.9,0.5,28.7,0.6,0.1,81.0,7.2,31.7,130.6,8.8,196.4,18.7
12,24.9,直行,NAVIGATING,0.28,0.0,0,/moderate,1344,1286,1248,3.7,17.6,10.2,9.3,0.0,22.2,0.9,0.0,18.5,0.9,0.9,26.8,0.9,40.7,3.7,13.7,179.6,86.8,56.6,0.6,65.4,0.5,0.0,90.5,5.6,6.6,187.1,8.5,213.7,36.8
12,26.0,静止,NAVIGATING,0.0,0.0,0,/moderate,1555,1286,1248,1.8,17.6,11.1,8.3,0.9,12.9,0.0,0.0,19.4,1.8,0.9,15.7,1.8,41.6,3.7,14.1,161.2,92.7,79.3,0.3,34.8,0.5,0.2,78.8,12.1,5.3,126.6,7.8,209.9,27.8
12,27.1,进站,NAVIGATING,0.2,0.0,0,/moderate,1555,1286,1248,3.7,16.5,9.2,17.5,0.0,17.5,0.0,0.0,18.4,1.8,0.9,23.0,0.9,39.5,1.8,18.6,151.7,73.7,52.4,0.5,65.9,0.2,0.1,78.0,10.6,1.1,196.7,7.3,171.2,16.2
12,28.2,进站,NAVIGATING,0.2,0.0,0,/moderate,1900,1286,1248,2.8,17.5,10.1,8.3,0.0,20.3,0.0,0.0,18.4,0.9,0.0,24.9,1.8,40.6,3.7,10.8,186.2,78.5,46.5,0.8,35.9,0.7,0.3,74.5,4.7,1.2,114.9,9.2,165.5,19.1
12,29.3,进站,NAVIGATING,0.06,0.0,0,/moderate,1555,2707,1248,2.8,16.7,10.2,8.3,0.0,11.1,0.0,0.0,19.5,1.9,8.3,20.4,0.9,38.0,2.8,22.6,209.8,85.8,58.2,0.0,25.9,0.2,0.0,107.4,11.6,25.2,151.5,7.5,187.4,21.9
12,30.4,静止,NAVIGATING,0.01,0.0,0,/moderate,1555,2803,1248,2.8,16.7,9.3,7.4,0.0,20.4,0.9,0.0,17.6,1.9,0.9,25.1,0.9,39.9,4.6,17.8,164.4,100.0,54.2,0.5,40.5,1.5,0.0,78.3,10.3,3.3,148.1,7.4,157.1,22.0
12,31.4,静止,NAVIGATING,0.0,0.0,0,/moderate,1459,2803,1248,2.8,17.5,12.0,9.2,0.0,12.0,0.0,0.0,18.4,0.9,0.0,16.6,0.9,42.4,1.8,13.0,193.3,84.7,61.5,1.2,56.2,1.1,0.0,110.0,7.9,1.2,135.2,3.0,270.9,29.7
12,32.5,静止,ARRIVED,0.0,0.0,0,/moderate,1459,1286,1248,1.8,16.4,8.2,16.4,0.0,19.2,0.0,0.0,14.6,1.8,1.8,25.6,1.8,39.3,2.7,12.9,212.5,0.0,0.0,0.4,52.7,0.1,0.0,90.2,8.1,2.7,147.8,11.0,201.6,20.1
13,1.0,静止,NAVIGATING,0.0,0.0,0,/moderate,1555,1286,1248,3.7,17.3,11.9,8.2,0.9,11.9,0.0,0.0,17.3,1.8,0.0,18.3,0.9,42.0,3.7,16.9,119.8,83.7,57.9,0.8,18.9,0.3,0.4,81.2,11.3,1.4,103.3,7.7,158.6,13.7
13,2.1,转向,NAVIGATING,0.0,0.6,0,/moderate,1555,1286,1248,2.7,16.5,10.1,8.2,0.0,19.2,0.0,0.0,16.5,1.8,9.1,31.1,1.8,39.3,2.7,17.9,142.8,73.2,62.3,0.9,34.6,0.4,0.0,76.0,9.6,31.7,166.7,9.5,218.4,19.9
13,3.2,转向,NAVIGATING,0.0,0.6,0,/moderate,1555,1286,1248,2.8,19.4,10.2,8.3,0.0,12.9,0.9,0.0,19.4,0.9,0.0,18.5,0.9,42.5,4.6,11.7,165.8,76.9,42.9,0.7,27.5,1.6,0.2,72.8,11.0,4.6,101.1,6.3,140.1,26.7
13,4.3,转向,NAVIGATING,0.0,0.6,0,/moderate,1555,1286,1248,2.8,16.7,10.2,7.4,0.0,20.4,0.0,0.0,18.5,1.9,0.9,25.0,1.9,41.6,1.9,14.0,219.0,111.2,48.8,0.4,54.6,0.6,0.0,81.9,12.4,11.7,111.9,8.6,200.3,53.2
13,5.4,转向,NAVIGATING,0.0,0.6,0,/moderate,1555,1286,1248,2.7,18.2,10.0,9.1,0.0,13.7,0.0,0.9,21.0,1.8,1.8,16.4,1.8,42.9,3.6,17.6,143.1,69.0,53.1,1.2,23.8,0.7,0.0,86.6,6.9,5.1,110.9,10.8,173.8,27.9
13,6.5,转向,NAVIGATING,0.01,0.45,0,/moderate,1555,1286,1248,2.8,16.5,10.1,8.3,0.9,17.4,0.0,0.0,18.4,0.9,5.5,28.5,0.9,43.2,3.7,15.6,195.0,76.5,54.0,0.4,64.3,0.2,0.1,77.9,14.4,13.7,144.4,6.1,235.1,25.6
13,7.6,静止,NAVIGATING,0.0,0.06,0,/moderate,1785,1286,1248,2.7,17.3,10.0,8.2,0.0,18.3,0.0,0.0,19.2,1.8,2.7,26.5,0.9,40.2,2.7,13.6,192.0,97.3,57.5,1.0,46.7,1.2,0.0,84.1,10.6,33.4,155.7,12.4,190.6,25.2
13,8.7,静止,NAVIGATING,0.0,0.0,0,/moderate,2016,1286,1248,3.7,17.4,10.1,8.2,0.0,13.7,0.0,0.0,18.3,2.7,2.7,18.3,1.8,40.2,3.7,15.4,141.3,92.0,50.7,1.7,61.1,0.1,0.0,92.7,9.7,19.2,160.6,12.0,187.0,24.6
13,9.7,直行,NAVIGATING,0.24,0.03,0,/moderate,1555,2803,2956,2.7,16.4,10.0,10.0,0.0,20.1,0.9,0.0,15.5,0.9,0.9,23.7,0.9,40.2,3.7,21.9,140.9,93.1,71.1,2.9,50.5,0.2,0.1,81.0,9.6,3.6,196.4,9.6,220.4,33.1
13,10.9,直行,NAVIGATING,0.6,0.01,0,/moderate,1555,1286,1248,1.8,16.2,10.8,13.5,0.0,11.7,1.8,0.0,18.0,0.9,0.9,18.9,1.8,42.4,3.6,14.1,134.3,63.4,80.7,1.0,20.0,0.3,0.5,99.8,9.2,1.2,195.3,6.3,166.6,23.1
13,11.9,直行,NAVIGATING,0.6,0.0,0,/moderate,1555,1286,1248,3.7,16.6,8.3,11.1,0.0,19.4,0.0,0.0,18.4,1.8,11.1,38.7,0.9,37.8,1.8,18.0,175.2,69.5,57.1,0.0,46.1,0.0,0.0,80.8,10.7,38.7,196.3,10.9,180.6,25.4
13,13.0,直行,NAVIGATING,0.6,0.0,0,/moderate,1344,1286,1248,2.8,16.5,10.1,11.9,0.9,11.0,0.0,0.0,19.3,1.8,10.1,32.1,1.8,39.4,3.7,22.0,170.4,101.1,99.0,6.8,18.1,1.0,0.2,69.9,9.9,65.8,189.0,9.9,163.0,26.6
13,14.1,直行,NAVIGATING,0.6,0.0,0,/moderate,2016,1286,1248,2.8,15.6,10.1,12.0,0.0,19.3,0.0,0.0,17.5,0.9,0.9,23.9,0.9,39.6,2.8,15.0,150.7,82.5,67.7,0.9,38.2,2.0,0.3,67.0,8.5,3.5,142.4,8.9,155.3,22.0
13,15.2,直行,NAVIGATING,0.6,0.0,0,/moderate,1555,1286,1248,2.7,15.6,9.2,13.7,0.9,12.8,0.0,0.0,20.2,1.8,0.0,15.6,0.9,42.2,3.7,10.2,159.3,76.7,62.0,0.1,45.2,0.3,0.0,89.5,8.3,1.7,107.4,4.3,175.5,24.2
13,16.3,直行,NAVIGATING,0.59,0.25,0,/moderate,1555,1286,1248,1.8,17.5,9.2,12.0,0.0,21.2,0.0,0.0,19.4,0.9,1.8,20.3,1.8,39.7,2.8,10.1,193.6,74.9,65.8,1.6,48.4,1.8,0.0,83.4,12.0,5.0,161.5,7.1,188.3,32.3
13,17.4,直行,NAVIGATING,0.6,0.56,0,/moderate,2016,1286,1248,3.7,16.4,9.1,12.8,0.0,11.0,0.0,0.0,19.2,1.8,3.7,21.9,0.9,42.0,3.7,17.2,192.0,99.4,69.9,1.3,39.5,0.4,0.0,104.6,13.2,18.9,138.3,6.8,240.2,18.5
13,18.5,直行,NAVIGATING,0.6,0.54,0,/moderate,1555,1286,1248,2.8,15.7,11.1,12.9,0.0,17.5,0.0,0.0,20.3,1.8,3.7,24.9,1.8,41.5,2.8,15.2,158.3,72.5,62.6,0.2,71.1,0.1,0.0,77.9,7.5,41.4,175.2,6.5,169.7,17.0
13,19.6,直行,NAVIGATING,0.61,0.15,0,/moderate,1555,1286,1248,2.7,17.4,9.2,11.0,0.0,18.3,0.0,0.0,18.3,1.8,0.9,22.9,0.9,41.2,2.7,14.5,166.1,107.8,75.6,0.5,45.7,0.6,0.0,83.0,12.1,2.4,122.9,10.3,188.2,27.7
13,20.6,直行,NAVIGATING,0.6,0.03,0,/moderate,1555,1286,1248,2.8,17.5,11.0,12.9,0.0,13.8,0.0,0.0,19.3,0.9,0.0,19.3,1.8,42.3,4.6,19.4,187.8,110.2,96.2,0.1,54.7,0.3,0.0,84.0,18.1,0.8,174.5,10.9,279.3,25.0
13,21.7,直行,NAVIGATING,0.6,0.0,0,/moderate,2016,2803,1248,2.8,17.5,10.1,12.0,0.0,20.3,0.9,0.0,18.4,1.8,0.9,25.8,0.9,40.6,2.8,15.4,220.1,67.1,83.0,0.7,72.3,0.1,0.0,82.6,6.3,15.1,137.6,11.1,214.7,17.4
13,22.8,直行,NAVIGATING,0.6,0.01,0,/moderate,1555,1286,1248,2.8,16.6,10.1,12.0,0.9,12.0,0.0,0.0,19.3,1.8,9.2,25.8,0.9,37.7,3.7,9.2,181.3,88.2,60.6,1.1,26.1,2.0,0.1,88.6,7.6,27.7,196.2,6.7,229.5,30.8
13,23.9,直行,NAVIGATING,0.59,0.01,0,/moderate,1555,1286,1248,3.7,16.7,9.3,10.2,0.0,19.5,0.0,0.0,18.6,0.9,0.9,25.1,1.9,42.7,2.8,12.6,160.5,85.4,55.2,0.0,51.1,0.0,0.0,95.3,11.8,3.8,132.2,5.8,186.1,25.7
13,25.0,直行,NAVIGATING,0.3,0.0,0,/moderate,1555,1286,1248,1.9,17.6,10.2,10.2,0.0,13.0,0.0,0.0,18.5,1.9,0.0,15.7,1.9,42.6,3.7,13.0,197.9,70.5,55.6,2.3,24.3,1.4,0.0,105.2,5.1,0.9,119.1,14.3,163.5,23.7
13,26.1,静止,NAVIGATING,0.0,0.0,0,/moderate,1555,1286,1248,2.8,17.4,11.0,7.3,0.0,20.2,0.0,0.0,18.4,1.8,1.8,23.9,1.8,40.4,2.8,16.3,155.4,65.2,60.6,0.8,25.8,2.8,0.0,86.2,11.1,2.8,172.3,9.2,150.1,24.5
13,27.2,进站,NAVIGATING,0.2,0.01,0,/moderate,1555,1286,1248,2.8,16.5,9.2,23.9,0.0,11.9,0.9,0.0,18.4,0.9,0.9,14.7,0.9,39.5,2.8,16.4,122.3,82.3,86.7,0.6,34.4,0.4,0.1,102.9,8.5,3.3,138.2,7.6,245.2,33.4
13,28.2,进站,NAVIGATING,0.2,0.01,0,/moderate,1228,1286,1248,2.8,16.5,11.0,8.3,0.0,19.3,0.0,0.0,18.3,1.8,6.4,34.9,0.9,37.6,3.7,18.2,141.3,59.3,51.8,0.2,52.6,0.1,0.0,81.2,6.3,22.2,164.0,6.2,185.9,28.2
13,29.3,进站,NAVIGATING,0.07,0.0,0,/moderate,1555,1286,1248,3.7,17.5,9.2,8.3,0.9,12.9,0.9,0.0,18.4,1.8,0.9,17.5,1.8,41.5,1.8,15.9,177.0,76.6,63.0,3.1,30.1,0.9,0.0,63.2,7.7,5.5,94.3,9.1,209.8,18.8
13,30.4,静止,NAVIGATING,0.01,0.0,0,/moderate,1555,1286,1248,2.8,17.6,11.1,9.3,0.0,19.5,0.0,0.0,18.5,1.9,1.9,23.2,1.9,38.9,2.8,11.2,161.8,62.5,52.5,0.1,36.9,0.1,0.1,74.1,9.1,4.9,134.3,10.6,155.1,27.3
13,31.5,静止,NAVIGATING,0.0,0.0,0,/moderate,1555,1286,1248,2.8,16.6,10.2,8.3,0.0,14.8,0.0,0.0,18.5,0.9,0.0,19.4,0.9,42.5,2.8,10.5,136.4,75.3,44.0,0.5,23.2,0.4,0.0,55.5,8.2,5.4,116.7,10.9,142.7,14.7
13,32.6,静止,NAVIGATING,0.0,0.0,0,/moderate,1555,1286,1248,2.7,18.3,11.0,8.2,0.0,16.5,0.0,0.0,15.6,1.8,1.8,18.3,0.9,42.2,3.7,26.2,145.1,93.3,83.7,0.3,59.7,1.0,0.6,84.2,8.0,2.0,163.4,15.8,184.8,24.6
13,33.7,静止,NAVIGATING,0.0,0.0,0,/moderate,1555,1785,1248,3.6,15.5,9.1,11.9,0.0,21.0,0.0,0.0,14.6,1.8,9.1,34.7,1.8,39.2,2.7,22.0,174.8,97.0,97.8,0.8,65.8,0.2,0.1,93.1,10.2,38.2,195.8,10.4,269.3,24.0
13,34.8,静止,ARRIVED,0.0,0.0,0,/moderate,1900,2803,1248,1.8,14.7,4.6,10.1,0.9,12.9,0.9,0.0,16.6,0.9,0.9,18.4,1.8,43.3,2.8,19.3,158.9,0.0,0.0,1.3,42.1,0.4,0.0,56.6,11.9,7.4,138.8,11.1,210.8,10.9
14,1.0,转向,NAVIGATING,0.01,0.33,0,/moderate,1555,1286,1248,3.7,15.6,11.0,7.4,0.0,20.2,0.0,0.0,14.7,2.8,0.9,23.9,0.9,38.6,1.8,14.1,131.9,111.0,67.6,0.0,31.2,0.0,0.0,67.7,14.7,2.3,104.5,11.7,133.0,23.5
14,2.1,转向,NAVIGATING,0.0,0.6,0,/moderate,1459,1286,1248,2.8,19.4,11.1,9.2,0.0,12.9,0.0,0.0,20.3,1.8,0.0,17.6,0.9,41.6,3.7,14.1,191.0,83.7,45.9,0.3,33.4,0.9,0.0,101.7,11.3,3.2,140.2,5.0,219.2,24.0
14,3.2,转向,NAVIGATING,0.0,0.6,0,/moderate,1344,1286,1248,2.8,16.6,10.1,7.4,0.0,19.4,0.0,0.0,19.4,0.9,0.9,23.1,0.9,41.5,3.7,14.8,137.5,73.7,44.0,1.1,42.3,0.6,0.0,66.0,6.0,3.9,145.5,7.1,138.2,17.9
14,4.3,转向,NAVIGATING,0.0,0.6,0,/moderate,1555,1286,1248,2.7,18.3,11.0,8.2,0.0,11.0,0.0,0.0,18.3,1.8,6.4,23.8,2.7,40.2,3.7,16.7,205.9,96.3,62.6,2.8,44.9,0.4,0.1,83.8,6.0,28.8,152.9,9.0,218.8,28.0
14,5.4,转向,NAVIGATING,0.0,0.6,0,/moderate,1555,1785,1248,3.6,17.1,9.9,8.1,0.0,19.8,0.0,0.0,19.8,1.8,0.9,27.0,0.9,39.6,2.7,9.3,168.9,80.8,47.1,0.8,59.1,0.7,0.0,75.9,5.3,3.1,131.3,5.0,165.6,20.0
14,6.5,转向,NAVIGATING,0.0,0.15,0,/moderate,1900,1286,1248,2.8,18.4,11.1,8.3,0.0,12.0,0.0,0.0,20.3,0.9,0.9,15.7,1.8,42.4,3.7,20.8,187.4,73.3,71.1,0.8,27.6,0.1,0.0,67.0,15.5,8.3,147.2,6.5,180.0,24.5
14,7.5,静止,NAVIGATING,0.0,0.02,0,/moderate,1555,614,864,1.8,18.5,10.1,8.3,0.0,19.4,0.0,0.0,17.5,1.8,0.9,24.9,0.0,44.3,3.7,18.4,233.2,97.8,84.7,0.6,85.0,0.7,0.1,112.9,6.5,28.3,162.5,7.9,314.5,28.3
14,8.7,静止,NAVIGATING,0.0,0.0,0,/moderate,1555,614,864,2.7,18.0,10.8,9.0,0.0,13.5,0.0,0.0,16.2,1.8,2.7,16.2,1.8,42.3,3.6,13.1,195.9,89.7,55.7,0.5,61.8,1.3,0.0,68.5,11.2,15.4,125.0,6.1,210.9,16.1
14,9.7,直行,NAVIGATING,0.56,0.03,0,/moderate,1555,1286,1248,3.7,17.6,10.2,12.1,0.9,16.7,0.0,0.0,18.6,1.9,4.6,29.7,1.9,40.8,3.7,12.4,176.8,87.7,72.8,0.2,96.0,1.1,0.2,79.2,9.7,53.1,223.3,7.7,235.2,20.4
14,10.8,直行,NAVIGATING,0.6,0.0,0,/moderate,1555,2803,1248,2.8,16.6,10.2,12.9,0.0,19.4,0.0,0.0,18.5,0.9,0.9,23.1,0.9,41.6,1.8,21.8,132.8,66.7,66.1,1.2,41.6,0.6,0.1,73.2,12.2,3.4,121.7,5.6,167.6,22.1
14,11.9,直行,NAVIGATING,0.6,0.0,0,/moderate,1555,2803,1248,1.8,18.3,10.1,11.9,0.0,11.9,0.0,0.0,20.2,0.9,0.9,15.6,0.9,41.2,3.7,16.7,148.2,88.2,62.9,1.0,28.0,0.5,0.0,68.3,12.8,1.4,117.1,11.6,158.3,23.5
14,13.0,直行,NAVIGATING,0.6,0.01,0,/moderate,1555,1651,1248,3.7,16.6,10.2,12.0,0.0,19.4,0.0,0.0,18.5,1.8,0.0,27.7,0.9,39.7,3.7,45.1,218.5,99.2,113.8,0.3,46.2,0.1,0.0,86.4,31.0,3.1,132.3,5.8,217.5,25.9
14,14.1,直行,NAVIGATING,0.6,0.0,0,/moderate,1555,1286,1248,2.8,17.7,10.2,12.1,0.0,12.1,0.9,0.0,18.6,1.9,6.5,25.1,1.9,41.9,2.8,23.9,177.7,74.4,108.6,1.6,30.8,0.7,0.5,86.1,8.7,29.2,116.1,6.3,212.2,16.0
14,15.1,直行,NAVIGATING,0.6,0.02,0,/moderate,1555,1286,1248,2.8,17.6,10.2,13.0,0.0,19.5,0.9,0.0,19.5,0.9,1.9,19.5,1.9,40.8,4.6,14.7,156.4,55.9,62.7,0.8,48.9,0.6,0.0,64.8,8.9,4.0,139.1,8.7,175.6,14.2
14,16.2,直行,NAVIGATING,0.59,0.45,0,/moderate,1555,1286,1248,2.7,17.3,10.9,13.7,0.9,12.7,0.0,0.0,20.9,2.7,0.0,20.0,0.9,40.0,2.7,14.9,142.7,79.5,68.5,0.3,32.3,0.3,0.1,103.0,8.9,1.7,153.9,10.4,164.1,18.8
14,17.3,直行,NAVIGATING,0.6,0.55,0,/moderate,1670,1286,1248,2.8,16.5,9.2,12.9,0.0,18.4,0.0,0.0,20.2,0.9,0.9,25.7,0.9,41.3,2.8,13.3,153.4,102.4,75.7,2.9,44.2,0.8,0.0,69.0,5.8,16.7,130.3,11.8,184.9,17.2
14,18.4,直行,NAVIGATING,0.61,0.46,0,/moderate,1785,1286,1248,2.8,18.4,11.0,12.9,0.0,12.9,0.9,0.0,19.3,1.8,0.0,15.6,1.8,43.2,2.8,14.9,183.3,85.5,93.6,0.8,26.4,0.6,0.0,103.1,11.2,1.5,105.6,9.7,160.5,18.4
14,19.5,直行,NAVIGATING,0.6,0.01,0,/moderate,1555,1286,1248,2.7,15.4,9.1,11.8,0.0,18.2,0.0,0.0,17.3,0.9,10.0,31.8,1.8,39.1,3.6,17.4,174.0,87.0,85.7,0.9,68.0,0.1,0.1,112.0,5.5,23.0,147.8,7.9,256.4,16.2
14,20.6,直行,NAVIGATING,0.6,0.01,0,/moderate,1785,1286,1248,2.7,18.3,11.0,12.8,0.9,13.7,0.0,0.0,19.2,1.8,0.0,17.3,0.9,42.0,2.7,15.1,185.1,85.6,67.7,0.8,41.5,0.5,0.0,100.0,15.0,0.3,110.9,14.5,203.3,22.8
14,21.7,直行,NAVIGATING,0.6,0.01,0,/moderate,1555,1286,1248,2.8,16.5,10.1,11.0,0.0,18.4,0.0,0.0,19.3,1.8,1.8,22.0,1.8,40.4,4.6,17.7,164.3,77.8,59.8,0.3,85.2,1.9,0.0,101.1,13.5,4.4,145.7,10.1,296.6,27.4
14,22.8,直行,NAVIGATING,0.6,0.0,0,/moderate,1555,1286,1248,2.8,17.5,10.1,10.1,0.0,19.3,0.0,0.0,18.4,0.9,0.9,23.9,0.9,42.3,2.8,12.9,157.6,71.3,84.0,0.1,70.4,0.2,0.1,80.0,16.6,8.2,135.6,12.5,170.9,17.4
14,23.9,直行,NAVIGATING,0.46,0.0,0,/moderate,1555,2803,1248,2.7,17.3,10.0,11.9,0.0,11.9,0.9,0.0,18.2,1.8,0.0,20.1,0.9,42.8,2.7,16.1,144.3,90.3,50.5,1.9,49.6,0.4,0.0,77.5,9.4,0.7,126.4,10.3,170.1,18.3
14,25.0,进站,NAVIGATING,0.08,0.0,0,/moderate,1555,1286,1248,3.7,16.6,10.1,7.4,0.0,18.4,0.0,0.0,18.4,1.8,9.2,29.4,1.8,38.6,4.6,22.6,203.5,79.8,105.2,0.1,108.6,0.3,0.0,123.7,16.1,24.4,221.0,11.6,227.6,20.7
14,26.1,进站,NAVIGATING,0.13,0.0,0,/moderate,1900,1286,1248,2.7,18.2,10.9,18.2,0.9,11.8,0.0,0.0,17.3,0.9,0.0,15.5,0.9,41.9,2.7,18.4,173.0,95.1,48.6,0.4,18.4,0.5,0.0,112.6,16.3,6.1,116.5,13.3,231.1,22.4
14,27.2,进站,NAVIGATING,0.2,0.0,0,/moderate,1785,1286,1248,1.8,17.5,10.1,8.3,0.0,18.4,0.0,0.0,18.4,1.8,0.9,24.0,0.9,39.6,2.8,11.4,161.9,88.2,65.7,1.0,51.4,0.3,0.3,95.4,8.2,2.1,100.1,8.7,188.0,25.1
14,28.2,进站,NAVIGATING,0.14,0.0,0,/moderate,1900,1286,1248,3.7,17.6,11.1,8.3,0.0,12.0,0.0,0.0,20.3,2.8,0.0,16.6,1.8,42.5,4.6,16.1,152.3,122.7,68.7,2.0,27.7,0.2,0.2,85.5,8.5,0.2,142.8,12.2,194.9,19.9
14,29.3,进站,NAVIGATING,0.02,0.0,0,/moderate,1670,1286,1248,2.8,15.7,10.1,7.4,0.0,19.3,0.0,0.0,18.4,0.9,0.9,25.8,1.8,40.5,2.8,13.1,143.2,122.7,62.5,0.2,62.2,1.4,0.0,83.1,7.8,5.6,150.8,7.0,225.8,23.7
14,30.4,静止,NAVIGATING,0.01,0.0,0,/moderate,1555,1286,1248,2.8,17.4,11.0,8.3,0.0,11.9,0.0,0.0,17.4,0.9,9.2,24.8,0.9,41.3,3.7,17.7,126.9,111.2,51.9,0.7,29.7,0.7,0.0,93.6,9.1,39.3,205.8,7.9,204.0,22.5
14,31.5,静止,NAVIGATING,0.0,0.0,0,/moderate,1555,1286,1248,2.7,17.3,10.0,8.2,0.9,19.1,0.9,0.0,15.5,1.8,0.9,24.6,1.8,41.0,2.7,18.0,163.1,75.1,67.9,0.8,86.8,0.1,0.1,88.6,6.8,4.4,156.4,7.2,240.6,34.9
14,32.6,静止,ARRIVED,0.0,0.0,0,/moderate,1555,1286,1248,3.7,14.6,5.5,11.9,0.0,12.8,0.0,0.0,17.4,1.8,0.9,16.5,1.8,42.1,1.8,14.3,147.5,0.0,0.0,1.6,16.8,1.6,0.0,67.1,7.5,2.6,86.5,6.3,174.1,10.5
15,1.0,静止,NAVIGATING,0.0,0.0,0,/moderate,1459,1286,1248,2.7,17.1,10.8,8.1,0.0,17.9,0.0,0.0,15.3,1.8,2.7,23.3,0.9,41.3,3.6,11.6,156.3,110.3,50.3,0.5,82.6,1.4,0.0,96.9,8.5,23.2,193.7,6.6,203.7,17.7
15,2.1,转向,NAVIGATING,0.0,0.6,0,/moderate,2016,1651,1248,2.7,19.2,10.0,8.2,0.0,18.3,0.9,0.0,19.2,2.7,1.8,24.7,0.9,40.2,2.7,39.7,248.8,93.6,90.5,1.1,75.6,0.1,0.0,132.8,13.3,37.2,180.0,11.6,230.5,23.3
15,3.2,转向,NAVIGATING,0.0,0.6,0,/moderate,1555,2707,1248,3.7,17.4,11.9,8.3,0.0,12.8,0.0,0.9,20.2,0.9,5.5,25.7,1.8,40.4,3.7,13.7,151.4,79.9,52.9,1.5,51.3,0.7,0.0,65.2,7.6,36.5,152.5,5.8,141.3,23.5
15,4.3,转向,NAVIGATING,0.0,0.6,0,/moderate,1344,1286,1248,2.8,17.5,10.1,9.2,0.0,18.4,0.0,0.0,19.3,0.9,1.8,23.0,0.9,41.5,3.7,13.8,223.1,87.0,68.6,0.1,57.3,0.0,0.0,61.7,7.0,6.2,113.7,8.9,200.0,20.7
15,5.4,转向,NAVIGATING,0.0,0.6,0,/moderate,1228,1286,1248,1.9,17.6,10.2,8.3,0.0,12.0,0.0,0.0,19.4,1.9,0.0,18.5,0.9,43.5,3.7,12.9,158.7,99.4,50.5,2.2,43.6,0.6,0.1,77.6,6.6,2.0,140.5,7.5,208.2,21.3
15,6.5,转向,NAVIGATING,0.01,0.46,0,/moderate,1555,1286,1248,2.8,16.6,11.1,7.4,0.0,20.3,0.0,0.0,19.4,1.8,0.9,24.0,2.8,41.5,3.7,19.4,197.1,88.1,66.3,2.3,66.4,0.2,0.4,76.0,11.9,15.0,172.9,9.5,263.9,33.6
15,7.5,静止,NAVIGATING,0.0,0.06,0,/moderate,1555,1286,1248,3.7,16.7,10.2,8.3,0.9,12.0,0.0,0.0,19.4,1.9,8.3,29.6,0.9,39.8,2.8,16.0,149.0,91.2,60.8,0.3,24.5,0.3,0.0,58.9,10.3,26.4,153.0,10.0,179.9,19.9
15,8.7,静止,NAVIGATING,0.0,0.0,0,/moderate,1555,1286,1248,2.7,14.5,9.0,7.2,0.0,17.2,0.0,0.0,16.3,0.9,12.7,40.7,0.9,37.1,2.7,20.9,211.6,113.7,91.5,0.4,80.9,0.5,0.0,89.4,7.4,66.2,228.4,12.5,231.6,41.9
15,9.7,直行,NAVIGATING,0.21,0.04,0,/moderate,1785,1286,1248,2.7,18.3,11.0,11.0,0.9,13.7,0.0,0.0,16.5,1.8,0.0,20.1,0.9,43.0,2.7,15.8,167.7,76.1,53.0,0.6,25.6,0.1,0.0,63.2,7.7,3.6,106.7,11.1,192.1,13.8
15,10.8,直行,NAVIGATING,0.6,0.0,0,/moderate,1785,1286,1248,2.8,16.6,10.1,12.9,0.0,18.4,0.0,0.0,19.3,1.8,1.8,24.8,2.8,40.5,3.7,11.3,150.5,90.6,73.2,1.9,70.2,0.5,0.7,72.3,7.0,3.1,156.4,7.5,206.5,22.9
15,11.9,直行,NAVIGATING,0.6,0.0,0,/moderate,1555,1286,1248,2.7,17.3,10.0,11.8,0.0,13.7,0.9,0.0,20.0,1.8,0.0,17.3,0.9,41.0,3.6,14.7,163.2,67.6,95.5,1.1,25.6,0.6,0.0,68.3,8.9,0.6,123.0,7.9,153.4,18.5
15,13.0,直行,NAVIGATING,0.6,0.0,0,/moderate,1555,1286,1248,1.8,15.6,10.1,11.9,0.0,18.4,0.0,0.0,18.4,1.8,1.8,23.0,0.9,41.4,2.8,12.0,141.9,60.8,62.1,0.1,39.8,0.8,0.3,86.1,9.2,7.4,144.1,5.9,160.3,18.2
15,14.1,直行,NAVIGATING,0.6,0.0,0,/moderate,1555,1286,1248,2.8,16.5,9.2,11.9,0.0,19.3,0.0,0.0,18.4,0.0,5.5,28.5,0.9,43.2,2.8,10.5,146.8,47.6,50.6,0.4,33.3,0.1,0.1,80.1,6.3,33.2,149.7,7.3,179.8,14.4
15,15.2,直行,NAVIGATING,0.6,0.0,0,/moderate,1555,1920,1248,2.8,17.5,11.0,13.8,0.0,12.9,0.0,0.0,19.3,2.8,0.9,18.4,2.8,42.3,3.7,12.8,187.6,76.5,80.9,0.6,28.1,1.3,0.0,58.4,7.5,2.1,126.8,9.1,255.5,37.8
15,16.3,直行,NAVIGATING,0.59,0.23,0,/moderate,1555,2803,1248,2.8,16.7,10.2,13.0,0.0,18.5,0.0,0.0,19.4,1.9,0.0,25.0,0.9,42.6,3.7,14.5,224.4,79.5,114.7,0.1,68.5,0.0,0.0,163.6,8.1,3.4,167.1,24.3,275.7,20.7
15,17.4,直行,NAVIGATING,0.6,0.56,0,/moderate,1555,1286,1248,3.7,17.6,11.1,12.9,0.0,11.1,0.0,0.0,19.4,0.9,0.9,16.6,0.9,41.6,2.8,17.2,170.0,80.8,73.9,2.5,18.1,0.2,0.1,51.4,14.2,0.3,179.8,12.8,172.3,17.8
15,18.4,直行,NAVIGATING,0.6,0.55,0,/moderate,1555,1286,1248,2.8,15.6,9.2,12.9,0.0,20.2,0.9,0.0,20.2,1.8,9.2,35.0,1.8,39.6,3.7,18.6,202.5,75.7,90.8,4.5,41.8,0.9,0.0,123.9,9.2,42.8,150.5,8.2,230.3,18.8
15,19.5,直行,NAVIGATING,0.61,0.16,0,/moderate,1900,1286,1248,2.8,19.3,10.1,13.8,0.9,11.9,0.9,0.0,21.1,0.9,0.0,16.5,0.9,42.2,2.8,13.7,213.1,94.3,108.8,0.5,32.7,0.8,0.1,96.7,16.5,2.4,134.5,5.7,239.7,21.1
15,20.6,直行,NAVIGATING,0.6,0.04,0,/moderate,2016,1286,1248,2.7,16.4,10.0,11.8,0.0,20.9,0.9,0.0,18.2,1.8,0.0,25.5,0.9,40.9,3.6,13.9,163.4,70.7,54.1,0.2,40.5,0.4,0.0,62.4,8.6,1.2,124.5,5.1,159.8,20.8
15,21.7,直行,NAVIGATING,0.6,0.0,0,/moderate,1555,1286,1248,3.7,16.5,10.1,11.9,0.0,11.0,0.0,0.0,19.3,1.8,0.9,14.7,1.8,40.4,2.8,14.5,158.0,53.9,64.0,1.1,32.9,0.9,0.0,73.9,7.3,2.9,97.8,7.7,164.6,18.8
15,22.8,直行,NAVIGATING,0.6,0.0,0,/moderate,1459,1286,1248,1.9,16.7,11.1,12.0,0.0,22.2,0.0,0.0,18.5,0.9,1.9,24.1,0.9,39.8,3.7,25.2,154.1,54.5,76.3,1.0,43.0,0.2,0.1,74.9,19.7,4.5,137.0,4.9,161.1,23.0
15,23.9,直行,NAVIGATING,0.6,0.0,0,/moderate,1900,1286,1248,2.7,16.4,10.0,11.0,0.0,11.0,0.0,0.0,19.2,1.8,7.3,24.7,1.8,40.2,3.7,20.2,182.9,82.0,78.0,0.6,25.1,0.9,0.0,95.4,12.7,34.9,174.6,8.9,237.3,20.1
15,25.0,直行,NAVIGATING,0.29,0.0,0,/moderate,1459,1286,1248,3.7,17.5,10.2,9.2,0.0,17.5,0.0,0.0,19.4,1.8,0.9,22.2,0.9,38.8,2.8,15.1,179.2,105.2,59.6,0.1,63.9,0.0,0.0,97.7,11.6,0.4,173.1,8.7,199.5,23.1
15,26.1,静止,NAVIGATING,0.0,0.0,0,/moderate,1555,1286,1248,2.8,17.6,10.2,8.3,0.0,18.5,0.0,0.0,19.4,1.8,0.9,20.3,1.8,40.7,2.8,15.3,162.0,94.9,57.6,0.4,42.5,1.4,0.1,81.1,8.8,2.4,145.7,10.6,187.0,23.2
15,27.1,进站,NAVIGATING,0.2,0.0,0,/moderate,1555,2803,1248,2.8,17.6,10.2,18.5,0.9,13.9,0.9,0.0,17.6,0.9,0.9,20.4,0.9,40.8,3.7,10.0,152.7,59.0,81.5,0.6,31.2,0.3,0.0,108.1,7.4,0.0,132.5,8.2,193.7,19.1
15,28.2,进站,NAVIGATING,0.2,0.0,0,/moderate,1555,2803,1248,2.7,16.4,10.0,8.2,0.0,18.2,0.0,0.0,18.2,1.8,0.9,24.6,1.8,40.0,3.6,19.4,189.2,111.6,76.4,0.5,76.6,0.0,0.0,65.8,10.7,13.1,168.9,11.1,210.9,32.8
15,29.3,进站,NAVIGATING,0.06,0.0,0,/moderate,1555,1286,1248,2.8,17.5,10.1,8.3,0.0,12.0,0.0,0.0,19.3,1.8,8.3,24.8,0.9,40.5,2.8,9.9,189.6,75.9,53.5,0.1,43.9,0.3,0.1,101.2,10.6,33.8,156.1,7.9,213.0,19.8
15,30.4,静止,NAVIGATING,0.01,0.0,0,/moderate,1555,1286,1248,3.7,15.6,10.1,9.2,0.0,21.1,0.0,0.9,20.1,0.9,1.8,26.5,1.8,39.4,2.7,18.1,206.4,117.5,63.3,0.8,52.3,0.4,0.0,98.4,6.8,9.0,199.1,12.2,194.5,33.1
15,31.5,静止,NAVIGATING,0.0,0.0,0,/moderate,1555,1286,1248,1.8,19.3,11.0,7.4,0.0,11.9,0.0,0.0,18.4,1.8,0.0,17.5,1.8,41.4,4.6,14.6,204.7,65.5,41.0,0.1,27.3,0.1,0.0,100.0,6.9,4.6,98.7,4.9,217.2,24.3
15,32.6,静止,ARRIVED,0.0,0.0,0,/moderate,1344,1286,1248,2.8,15.6,9.2,16.5,0.0,20.2,0.0,0.0,14.7,0.9,0.9,22.9,0.9,37.6,2.8,22.4,134.6,0.0,0.0,0.2,25.0,0.0,0.0,66.1,19.5,5.7,129.5,10.6,190.4,15.8
16,1.0,静止,NAVIGATING,0.0,0.0,0,/moderate,1555,1286,1248,3.7,17.5,10.1,7.4,0.0,13.8,0.0,0.0,15.7,2.8,0.9,17.5,0.9,42.4,2.8,11.4,143.8,103.4,61.0,0.8,38.0,1.2,0.0,66.9,13.4,0.8,102.4,7.5,159.5,15.1
16,2.1,转向,NAVIGATING,0.0,0.6,0,/moderate,1555,1286,1248,2.8,16.7,10.2,9.3,0.9,19.4,0.0,0.0,18.5,1.9,7.4,31.5,1.9,38.9,2.8,17.6,148.2,89.2,67.8,2.0,83.5,0.1,0.1,85.2,11.9,32.3,205.1,5.9,226.8,21.6
16,3.2,转向,NAVIGATING,0.0,0.6,0,/moderate,1785,1286,1248,2.8,18.5,10.2,9.3,0.0,12.0,0.9,0.0,22.2,1.9,0.0,16.7,0.9,40.7,3.7,17.3,173.0,96.9,71.5,1.7,38.4,1.3,0.0,70.5,7.4,0.6,129.8,9.1,177.4,17.5
16,4.3,转向,NAVIGATING,0.0,0.6,0,/moderate,1555,1286,1248,2.7,16.4,10.1,7.3,0.0,19.2,0.0,0.0,18.3,0.9,0.0,23.8,1.8,38.4,3.7,13.1,219.3,77.9,71.3,1.4,35.6,0.2,0.1,79.2,8.3,9.8,136.1,8.6,193.3,30.9
16,5.4,转向,NAVIGATING,0.0,0.6,0,/moderate,1555,1286,1248,3.7,17.5,10.1,8.3,0.0,13.8,0.0,0.0,19.4,1.8,0.9,18.4,0.9,41.5,2.8,14.5,170.7,89.5,45.8,1.9,42.8,0.4,0.0,105.7,8.9,2.2,124.5,8.6,210.2,25.4
16,6.4,转向,NAVIGATING,0.01,0.45,0,/moderate,1555,1286,1248,1.8,17.6,11.1,8.3,0.0,15.7,0.9,0.0,19.4,1.8,4.6,21.3,1.8,41.6,2.8,14.9,182.2,76.0,56.8,1.0,34.9,0.3,0.0,87.2,6.9,11.0,138.0,7.1,187.3,30.2
16,7.5,静止,NAVIGATING,0.0,0.07,0,/moderate,1555,2803,1248,2.8,16.6,9.2,7.4,0.0,20.3,0.0,0.0,18.5,0.9,5.5,31.4,0.9,38.8,3.7,15.5,191.4,63.4,46.0,0.3,38.9,0.1,0.0,86.6,10.4,34.1,148.8,5.9,178.6,34.3
16,8.6,静止,NAVIGATING,0.0,0.0,0,/moderate,2016,1286,1248,2.8,17.5,12.0,8.3,0.0,12.0,0.0,0.0,17.5,1.8,0.0,16.6,0.9,43.2,3.7,17.7,162.1,88.2,49.9,0.6,21.4,0.4,0.1,84.1,12.8,1.7,116.4,13.6,159.1,25.3
16,9.7,直行,NAVIGATING,0.15,0.03,0,/moderate,1555,1286,1248,3.7,17.5,9.2,11.1,0.9,19.4,0.0,0.0,14.7,0.9,1.8,24.9,1.8,41.5,2.8,13.4,187.7,98.0,57.4,0.9,57.9,0.3,0.0,113.2,7.9,3.9,184.7,7.6,201.8,26.2
16,10.8,直行,NAVIGATING,0.6,0.01,0,/moderate,1555,1286,1248,2.7,17.4,11.0,11.9,0.0,12.8,0.0,0.0,21.0,1.8,0.0,17.4,0.9,42.1,3.7,12.2,185.0,70.5,95.4,0.0,25.0,1.0,0.0,128.4,11.5,3.3,154.6,8.3,190.5,19.4
16,11.9,直行,NAVIGATING,0.6,0.01,0,/moderate,2016,1286,1248,2.8,16.7,10.2,13.0,0.0,19.4,0.9,0.0,19.4,0.9,6.5,30.5,0.9,40.7,3.7,16.7,188.0,80.9,75.3,0.5,52.1,0.2,0.0,111.5,5.1,26.1,186.9,5.6,231.1,25.6
16,13.0,直行,NAVIGATING,0.6,0.01,0,/moderate,1555,1286,1248,2.8,17.5,10.1,12.0,0.0,12.0,0.0,0.0,18.4,2.8,0.9,17.5,1.8,41.4,2.8,16.1,232.2,102.1,109.6,1.8,71.9,1.3,0.0,114.6,4.8,1.7,132.0,7.7,280.7,10.9
16,14.0,直行,NAVIGATING,0.6,0.0,0,/moderate,1555,1286,1248,2.8,16.7,9.3,13.0,0.0,20.4,0.9,0.0,19.5,0.9,1.9,24.1,1.9,39.9,3.7,31.1,197.9,104.4,73.0,1.3,48.2,0.9,0.0,121.3,16.0,2.2,131.2,11.5,219.2,18.7
16,15.1,直行,NAVIGATING,0.6,0.0,0,/moderate,1555,1286,1248,3.7,17.5,12.0,13.8,0.0,13.8,0.0,0.0,18.5,1.8,0.0,17.5,0.9,42.5,3.7,18.8,200.1,83.7,72.9,0.5,35.1,1.9,0.0,105.7,10.8,9.6,107.0,10.3,217.5,22.6
16,16.2,直行,NAVIGATING,0.59,0.18,0,/moderate,1555,1286,1248,1.8,16.5,8.2,12.8,0.0,19.2,0.0,0.0,19.2,1.8,1.8,25.6,1.8,41.2,1.8,16.6,147.3,58.5,62.8,0.4,53.5,0.1,0.4,69.6,11.8,1.1,129.9,8.9,215.9,23.4
16,17.3,直行,NAVIGATING,0.6,0.55,0,/moderate,1555,1286,1248,3.6,16.4,10.9,11.9,0.9,12.8,0.0,0.0,19.1,0.9,7.3,21.0,0.9,40.1,3.6,22.4,152.1,81.5,75.8,0.4,29.1,0.9,0.0,78.9,6.5,24.9,175.5,7.5,202.3,17.4
16,18.4,直行,NAVIGATING,0.6,0.54,0,/moderate,1555,1286,1248,2.8,17.6,9.3,13.0,0.9,18.5,0.0,0.0,19.4,1.9,0.9,26.8,0.9,41.6,3.7,10.7,195.4,75.7,88.5,1.1,74.7,1.9,0.0,124.7,4.3,6.3,164.5,11.9,238.9,20.2
16,19.5,直行,NAVIGATING,0.61,0.22,0,/moderate,1900,2803,1248,2.8,15.7,11.1,12.0,0.0,18.5,0.0,0.0,19.4,1.8,0.0,23.1,1.8,41.6,2.8,14.6,151.6,77.4,78.5,0.2,58.5,0.5,0.0,73.7,14.0,4.8,171.0,9.1,172.2,19.5
16,20.6,直行,NAVIGATING,0.6,0.03,0,/moderate,1459,1286,1248,1.8,16.4,10.0,12.7,0.0,11.8,0.0,0.0,18.2,1.8,0.9,16.4,0.9,41.9,3.6,37.0,154.9,73.9,72.6,0.9,34.1,0.5,0.0,94.1,11.7,1.5,101.3,7.4,196.1,25.9
16,21.7,直行,NAVIGATING,0.6,0.0,0,/moderate,1555,1286,1248,2.8,17.5,10.1,12.0,0.0,22.1,0.9,0.0,20.3,0.9,0.0,25.8,1.8,42.4,2.8,9.4,167.6,56.1,60.1,1.0,46.7,0.4,0.0,106.5,6.3,1.7,186.1,4.6,182.7,24.4
16,22.8,直行,NAVIGATING,0.6,0.01,0,/moderate,1555,1286,1248,2.7,16.3,9.1,11.8,0.0,10.9,0.0,0.0,19.1,1.8,8.2,20.9,0.9,40.9,3.6,11.1,137.0,66.3,91.1,0.0,30.5,0.0,0.0,92.8,14.3,33.8,161.3,9.2,173.3,23.1
16,23.8,直行,NAVIGATING,0.6,0.01,0,/moderate,2016,1286,1248,2.7,17.3,11.0,10.0,0.0,19.2,0.0,0.0,19.2,0.9,0.0,24.6,0.9,39.2,2.7,18.5,130.0,68.2,70.9,0.1,44.1,0.1,0.1,63.6,16.1,4.2,130.9,11.6,178.0,13.2
16,24.9,直行,NAVIGATING,0.32,0.0,0,/moderate,1555,1286,1248,3.7,18.4,10.1,10.1,0.0,12.9,0.0,0.0,20.2,1.8,0.9,16.5,0.9,41.3,3.7,15.8,159.8,62.0,51.3,0.7,27.7,0.6,0.0,62.2,6.1,3.5,94.5,3.0,172.8,25.9
16,26.0,静止,NAVIGATING,0.0,0.0,0,/moderate,2016,1286,1248,2.7,15.4,9.1,8.2,0.9,19.0,0.0,0.0,19.0,1.8,0.9,24.5,2.7,40.8,2.7,12.7,129.0,58.8,40.8,0.6,41.7,1.6,0.1,68.2,8.1,3.1,113.6,8.6,146.2,17.6
16,27.1,进站,NAVIGATING,0.2,0.0,0,/moderate,1555,1286,1248,2.8,17.5,10.1,19.3,0.0,12.9,0.0,0.0,16.6,0.9,0.9,15.6,0.9,38.6,3.7,14.4,159.9,95.6,74.9,0.6,32.5,0.4,0.0,111.4,8.8,14.5,125.4,12.8,173.9,25.9
16,28.2,进站,NAVIGATING,0.2,0.0,0,/moderate,1555,1286,1248,3.6,15.5,10.0,8.2,0.0,19.1,0.0,0.0,20.0,1.8,10.9,32.7,0.9,39.1,2.7,20.5,161.8,86.2,55.9,0.4,48.2,0.6,0.0,97.4,16.7,86.2,213.9,13.5,206.2,28.9
16,29.3,进站,NAVIGATING,0.07,0.0,0,/moderate,1555,1286,1248,1.8,17.5,10.1,7.4,0.0,13.8,0.9,0.0,20.2,1.8,0.9,17.5,0.9,40.5,2.8,19.5,178.9,66.2,51.6,3.8,22.4,0.8,0.4,68.3,8.2,1.4,113.8,9.0,164.0,17.7
16,30.4,静止,NAVIGATING,0.01,0.0,0,/moderate,1555,1286,1248,2.8,18.4,10.1,9.2,0.0,18.4,0.0,0.0,19.3,0.9,0.0,25.7,1.8,43.2,3.7,15.3,193.8,76.0,60.6,0.6,44.9,0.7,0.0,97.6,6.4,6.0,134.7,6.5,146.9,24.8
16,31.5,静止,NAVIGATING,0.0,0.0,0,/moderate,1555,1920,1248,3.7,16.7,10.2,7.4,0.0,19.5,0.0,0.0,18.6,1.9,1.9,24.1,0.9,41.8,3.7,10.4,157.3,75.1,57.7,0.1,37.2,0.0,0.0,72.8,11.8,2.8,169.7,9.0,172.6,21.3
16,32.6,静止,ARRIVED,0.0,0.0,0,/moderate,1555,2803,1248,2.8,15.7,8.3,17.6,0.9,11.1,0.0,0.0,15.7,0.9,5.6,22.2,1.9,37.9,2.8,18.9,149.6,0.0,0.0,0.2,26.9,1.6,0.1,72.0,16.7,16.0,169.1,16.4,190.4,20.5
