task,t,phase,status,v,w,tf_age,cpuset,f_small,f_big,f_prime,cpu_behavior_server,cpu_bridge,cpu_bt_navigator,cpu_controller_server,cpu_dds_server,cpu_gateway,cpu_lifecycle_manager,cpu_nav_runtime,cpu_planner_server,cpu_platform,cpu_proot,cpu_robot_state_publisher,cpu_sim,cpu_slam,cpu_velocity_smoother,wait_behavior_server,wait_bridge,wait_bt_navigator,wait_controller_server,wait_dds_server,wait_gateway,wait_lifecycle_manager,wait_nav_runtime,wait_planner_server,wait_platform,wait_proot,wait_robot_state_publisher,wait_sim,wait_slam,wait_velocity_smoother
1,1.0,静止,NAVIGATING,0.0,0.0,0.04,/top-app,1017,2188,864,3.9,17.5,11.7,9.7,0.0,20.5,0.0,8.8,2.9,1.0,44.8,1.0,17.5,4.9,2.9,20.1,69.7,80.6,45.6,0.2,36.1,0.4,22.1,15.6,8.5,139.8,6.9,28.0,24.3,4.4
1,2.0,静止,ARRIVED,0.0,0.0,0.02,/top-app,1017,2188,864,2.9,12.7,5.8,7.8,0.0,11.7,1.0,7.8,1.9,13.6,40.0,1.0,15.6,3.9,1.9,17.3,73.2,20.6,22.0,1.5,14.1,0.4,14.1,18.5,23.6,106.2,5.3,26.1,18.1,9.3
1,3.1,静止,ARRIVED,0.0,0.0,0.05,/top-app,1017,2188,864,3.9,11.6,6.8,5.8,1.0,19.3,0.0,8.7,2.9,3.9,43.5,1.9,18.4,4.8,0.0,20.3,56.2,43.4,34.8,0.1,21.7,0.1,16.5,18.4,9.3,120.7,8.1,26.6,18.3,2.6
2,1.0,转向,NAVIGATING,0.01,0.35,0.04,/top-app,1555,2188,2476,2.9,16.4,10.6,8.7,0.0,13.5,0.0,8.7,3.9,0.0,31.0,1.9,19.4,9.7,1.9,16.7,80.6,57.1,54.5,0.1,21.4,0.1,21.2,15.2,2.6,98.6,5.7,34.1,18.7,10.2
2,2.0,转向,NAVIGATING,0.0,0.6,0.04,/top-app,1459,2188,864,3.9,17.4,11.6,8.7,0.0,17.4,0.0,9.7,2.9,3.9,33.8,1.9,19.3,3.9,2.9,15.7,99.4,68.8,53.9,0.1,35.7,0.6,20.0,14.8,17.3,154.3,5.3,54.9,21.8,6.3
2,3.1,转向,NAVIGATING,0.0,0.6,0.04,/top-app,1113,2188,864,2.9,17.5,10.7,8.7,0.0,17.5,0.0,9.7,1.9,1.0,39.8,1.9,19.4,3.9,2.9,18.7,74.0,48.7,45.4,0.5,28.6,0.0,23.4,15.1,6.3,109.1,6.1,38.0,15.0,6.8
2,4.1,转向,NAVIGATING,0.0,0.6,0.03,/top-app,1017,2188,864,3.9,16.6,9.8,7.8,0.0,15.6,0.0,9.8,2.0,14.7,52.8,1.0,17.6,3.9,2.0,21.5,78.0,46.2,52.8,0.1,30.8,0.2,25.3,11.8,40.2,157.3,5.1,40.6,32.2,11.2
2,5.1,转向,NAVIGATING,0.0,0.6,0.03,/top-app,1113,2188,864,2.9,16.4,10.6,8.7,0.0,17.4,0.0,7.7,2.9,1.0,36.7,2.9,18.3,4.8,3.9,25.4,60.0,45.0,35.7,0.6,21.6,0.9,28.1,13.6,1.2,114.8,5.8,26.8,16.7,5.0
2,6.2,转向,NAVIGATING,0.0,0.24,0.03,/top-app,1017,2188,864,2.9,17.4,11.6,8.7,0.0,15.5,1.0,10.6,2.9,3.9,36.7,1.0,18.4,4.8,1.9,22.6,82.8,57.9,49.1,0.1,21.6,0.1,30.7,14.1,14.9,117.1,6.5,40.6,20.7,6.5
2,7.2,静止,NAVIGATING,0.0,0.05,0.02,/top-app,1017,2188,864,3.9,16.5,8.7,7.7,0.0,17.4,0.0,8.7,1.9,1.0,38.7,1.9,17.4,3.9,1.9,15.1,58.7,39.6,26.3,0.1,22.7,0.8,17.7,11.8,2.3,101.2,4.6,31.5,13.5,4.2
2,8.2,静止,NAVIGATING,0.0,0.0,0.04,/top-app,1017,2188,864,2.9,15.5,11.7,7.8,0.0,11.7,0.0,8.7,3.9,2.9,29.1,1.9,19.4,3.9,1.9,23.2,77.1,58.0,37.4,1.0,18.1,1.3,25.9,16.2,4.1,125.6,7.5,37.4,24.6,9.5
2,9.3,直行,NAVIGATING,0.19,0.05,0.04,/top-app,1017,2188,864,2.9,14.5,8.7,7.7,1.0,17.4,0.0,8.7,1.0,12.5,56.0,1.0,15.4,3.9,1.9,14.3,57.6,36.3,27.9,0.1,34.0,1.1,20.2,8.8,13.7,101.3,5.3,19.4,13.4,7.3
2,10.3,直行,NAVIGATING,0.6,0.01,0.04,/top-app,1017,2188,2476,3.9,16.5,10.7,10.7,0.0,9.7,0.0,8.8,2.9,1.0,24.3,1.0,17.5,40.8,2.9,19.7,80.0,42.0,64.6,2.0,10.4,0.1,20.0,13.4,2.5,95.6,5.3,64.9,46.4,3.6
2,11.3,直行,NAVIGATING,0.6,0.0,0.05,/top-app,1113,2188,2476,2.9,13.7,7.8,7.8,0.0,18.6,1.0,7.8,2.9,1.0,40.1,2.9,16.6,72.3,2.0,14.6,70.1,45.8,40.9,0.2,53.8,0.5,27.2,13.2,3.0,111.4,5.1,26.9,50.6,5.1
2,12.4,直行,NAVIGATING,0.6,0.04,0.03,/top-app,1017,2188,864,2.9,14.5,10.6,8.7,0.0,7.7,0.0,8.7,2.9,1.0,21.2,1.0,15.4,76.3,2.9,18.4,62.8,60.1,38.5,0.0,27.0,0.0,20.9,24.8,10.2,114.7,5.9,53.3,52.8,5.9
2,13.4,直行,NAVIGATING,0.6,0.01,0.04,/top-app,1017,1920,864,2.9,12.7,7.8,7.8,0.0,18.5,0.0,7.8,2.9,1.9,37.0,1.9,15.6,76.0,1.0,12.4,44.9,35.1,39.6,0.4,26.3,1.0,9.6,15.0,1.0,106.7,4.6,21.6,35.3,4.1
2,14.4,直行,NAVIGATING,0.6,0.0,0.03,/top-app,1017,2188,2476,2.9,13.7,8.8,7.8,0.0,6.8,0.0,6.8,1.0,11.7,36.1,0.0,15.6,72.3,2.9,20.6,76.0,66.6,39.9,0.1,17.5,0.2,23.0,13.7,25.5,141.3,6.1,47.3,61.9,5.5
2,15.4,直行,NAVIGATING,0.59,0.1,0.02,/top-app,1017,2188,864,2.0,11.7,6.8,7.8,0.0,16.6,0.0,7.8,2.9,1.0,36.2,2.0,13.7,113.4,2.0,12.3,57.8,38.9,28.1,0.1,23.0,0.3,14.1,15.0,0.7,85.8,4.2,28.6,24.7,3.8
2,16.4,直行,NAVIGATING,0.59,0.43,0.03,/top-app,1017,2054,2342,2.9,11.7,7.8,6.8,0.0,6.8,0.0,5.9,2.0,1.0,14.7,1.0,14.7,118.3,1.0,11.9,58.7,34.3,32.0,0.1,11.0,0.0,12.0,13.3,9.2,106.3,5.2,32.6,27.8,3.5
2,17.5,直行,NAVIGATING,0.6,0.54,0.04,/top-app,1017,2054,2342,1.9,12.6,8.7,7.8,0.0,17.5,0.0,7.8,1.9,0.0,40.8,1.9,14.6,106.9,1.9,11.7,48.4,39.7,30.4,0.0,27.8,0.4,15.9,11.3,0.3,108.0,4.2,28.3,71.0,4.7
2,18.5,直行,NAVIGATING,0.61,0.46,0.04,/top-app,1017,2054,864,2.9,12.6,7.7,6.8,0.0,6.8,0.0,7.7,1.9,1.0,13.5,1.9,14.5,121.7,2.9,15.1,82.4,36.4,41.5,0.1,6.1,0.0,16.9,13.8,8.3,115.7,4.8,44.3,35.6,10.2
2,19.5,直行,NAVIGATING,0.6,0.1,0.05,/top-app,1017,2054,1843,2.9,10.8,6.9,6.9,0.0,18.6,0.0,6.9,1.0,8.8,51.9,0.0,12.7,122.4,1.0,15.9,52.0,38.1,31.5,0.1,32.4,0.6,16.2,14.3,7.5,137.0,6.8,30.1,47.3,4.3
2,20.6,直行,NAVIGATING,0.6,0.01,0.03,/top-app,1555,2054,2342,2.9,12.7,7.8,6.8,0.0,5.9,0.0,6.8,2.9,4.9,22.5,2.0,13.7,115.2,2.0,15.1,54.6,44.8,43.4,0.2,4.3,0.1,17.4,15.0,39.1,137.3,6.7,31.7,30.3,8.8
2,21.6,直行,NAVIGATING,0.6,0.08,0.05,/top-app,1555,2054,864,2.9,12.7,8.8,7.8,1.0,18.5,0.0,8.8,2.0,2.0,41.9,2.0,14.6,89.7,2.0,17.9,69.8,40.2,32.3,0.3,41.3,0.3,34.7,13.2,2.9,111.2,9.4,48.9,51.7,6.4
2,22.6,直行,NAVIGATING,0.6,0.01,0.03,/top-app,1017,2054,864,2.9,13.7,8.8,8.8,0.0,6.8,1.0,8.8,2.9,1.0,14.6,1.0,16.6,78.0,2.0,17.0,80.5,62.8,62.7,0.1,21.5,0.2,39.3,13.4,1.4,155.8,5.4,69.5,49.6,12.7
2,23.6,直行,NAVIGATING,0.54,0.03,0.03,/top-app,1017,2054,2342,2.9,12.7,8.8,7.8,0.0,20.5,0.0,6.8,1.9,1.0,46.8,1.0,15.6,69.2,1.9,19.5,77.6,44.6,44.2,0.2,50.0,0.3,26.6,17.4,5.5,145.4,6.8,53.0,38.0,7.8
2,24.7,直行,NAVIGATING,0.25,0.0,0.04,/top-app,1017,2054,1132,2.9,17.6,10.8,8.8,0.0,7.8,0.0,9.8,2.0,1.0,23.5,2.0,18.6,54.8,2.0,17.0,84.7,65.2,49.0,0.3,7.9,0.0,36.4,14.8,1.4,147.1,7.8,45.0,53.0,7.4
2,25.7,静止,NAVIGATING,0.0,0.0,0.04,/top-app,1017,2054,864,3.9,12.8,8.9,6.9,0.0,19.7,0.0,7.9,2.0,12.8,59.1,1.0,14.8,5.9,3.0,27.4,100.9,57.2,54.3,0.0,32.0,2.1,24.4,17.4,16.2,178.4,8.9,50.3,29.6,9.0
2,26.7,进站,NAVIGATING,0.2,0.01,0.03,/top-app,1017,1920,864,2.0,16.6,11.7,10.8,0.0,7.8,0.0,8.8,3.9,1.0,18.6,2.9,18.6,17.6,2.0,19.6,108.0,62.1,56.0,0.1,17.1,0.0,33.5,26.2,1.3,155.6,9.6,70.9,48.6,8.2
2,27.7,进站,NAVIGATING,0.2,0.0,0.04,/top-app,1017,1920,2227,3.9,15.6,9.8,7.8,0.0,22.5,0.0,7.8,2.0,2.0,49.8,1.0,18.6,26.4,2.9,18.2,100.1,50.7,49.1,0.1,50.5,0.2,28.3,14.1,8.0,152.9,8.6,42.0,26.8,7.5
2,28.7,进站,NAVIGATING,0.08,0.0,0.03,/top-app,1017,1920,864,2.9,17.6,10.8,7.8,0.0,7.8,0.0,8.8,2.0,1.0,19.6,2.0,18.6,22.5,2.0,15.9,80.3,81.9,40.0,0.4,5.6,0.3,26.4,19.9,0.9,150.5,5.3,33.3,26.2,5.7
2,29.8,静止,NAVIGATING,0.02,0.0,0.04,/top-app,1017,1920,864,3.9,16.4,10.6,9.6,0.0,25.0,0.0,9.6,2.9,1.0,49.1,1.9,20.2,4.8,2.9,19.6,95.3,65.3,50.9,0.3,57.2,2.1,27.9,17.4,3.5,173.3,8.1,46.3,23.9,7.3
2,30.8,静止,NAVIGATING,0.0,0.0,0.04,/top-app,1017,1920,864,2.9,14.5,8.7,6.7,0.0,6.7,0.0,8.7,2.9,13.5,35.7,1.0,15.4,10.6,1.9,21.2,63.8,51.4,63.2,0.2,6.9,0.1,15.8,15.2,15.9,114.6,5.4,44.2,16.6,6.2
2,31.8,静止,NAVIGATING,0.0,0.0,0.04,/top-app,1017,1920,998,2.9,16.6,9.8,10.7,1.0,23.4,0.0,8.8,2.9,2.0,47.8,2.0,17.6,4.9,2.0,21.1,87.9,52.7,0.0,0.4,40.0,0.3,20.2,14.5,6.2,143.5,6.6,52.6,22.5,7.4
2,32.9,静止,ARRIVED,0.0,0.0,0.03,/top-app,1017,1920,864,3.9,12.6,6.8,5.8,0.0,8.7,0.0,8.7,1.9,0.0,19.4,1.9,19.4,3.9,1.9,18.9,53.4,0.0,39.2,0.0,6.4,0.0,20.6,14.5,0.7,93.4,8.7,28.5,23.0,2.4
3,1.0,静止,NAVIGATING,0.0,0.0,0.04,/top-app,1017,1920,864,3.8,18.3,10.6,9.6,0.0,22.1,0.0,10.6,3.8,1.9,53.9,1.9,18.3,4.8,1.9,18.1,77.1,69.7,36.3,0.7,31.7,1.5,21.4,16.6,4.2,116.2,6.8,22.2,22.9,3.9
3,2.1,转向,NAVIGATING,0.0,0.59,0.03,/top-app,1017,1920,864,3.9,15.4,11.6,8.7,0.0,11.6,1.0,8.7,1.9,1.0,24.1,1.0,18.3,4.8,2.9,29.2,94.5,113.7,65.6,0.3,23.3,0.2,19.1,20.3,2.3,137.8,6.2,54.4,34.5,5.0
3,3.1,转向,NAVIGATING,0.0,0.6,0.03,/top-app,1017,1920,864,2.9,15.5,9.7,5.8,0.0,19.4,0.0,8.7,2.9,15.5,59.0,1.9,16.5,3.9,1.9,15.2,79.7,64.0,45.5,0.2,37.1,0.2,27.8,15.4,44.7,160.5,10.7,36.5,15.6,7.1
3,4.1,转向,NAVIGATING,0.0,0.6,0.04,/top-app,1017,1920,864,2.9,15.4,9.6,8.7,0.0,12.5,0.0,8.7,1.9,1.0,29.9,1.9,18.3,3.9,1.9,21.2,94.7,83.1,55.8,0.1,27.5,0.2,27.4,24.5,3.1,165.4,7.9,38.1,22.8,12.8
3,5.2,转向,NAVIGATING,0.0,0.6,0.03,/top-app,1017,1920,864,3.9,18.4,11.6,8.7,0.0,17.4,0.0,9.7,2.9,0.0,40.6,1.9,19.3,3.9,2.9,24.1,87.8,69.4,61.8,0.3,27.1,0.6,26.8,21.7,10.9,125.4,8.0,32.7,18.6,4.6
3,6.2,转向,NAVIGATING,0.01,0.56,0.03,/top-app,1017,1920,864,2.9,15.4,10.6,8.7,0.0,14.5,0.0,8.7,2.9,1.9,29.9,1.9,19.3,3.9,1.9,20.8,80.4,58.9,37.7,0.2,28.3,0.0,23.4,16.2,2.0,120.5,6.7,46.3,25.5,4.7
3,7.2,转向,NAVIGATING,0.0,0.12,0.02,/top-app,1017,1920,864,3.9,18.3,10.6,8.7,0.0,16.4,0.0,9.7,2.9,1.9,40.5,1.9,20.3,4.8,3.9,13.3,94.4,63.3,50.2,0.0,35.0,0.1,30.3,11.5,3.4,119.9,5.1,41.5,20.7,8.4
3,8.3,静止,NAVIGATING,0.0,0.03,0.04,/top-app,1017,1920,864,2.9,14.7,8.8,6.8,1.0,14.7,0.0,8.8,2.0,13.7,53.7,1.0,14.7,12.7,1.0,21.8,93.3,61.0,44.9,0.4,24.9,0.4,30.4,19.9,14.9,132.6,6.4,42.4,25.9,10.0
3,9.3,静止,NAVIGATING,0.0,0.0,0.02,/top-app,1017,1920,864,2.9,17.4,10.6,9.7,0.0,12.6,0.0,9.7,2.9,1.9,26.1,1.9,21.3,3.9,2.9,25.9,89.0,75.0,52.0,0.1,19.8,0.3,25.5,20.9,7.8,142.6,7.0,41.0,20.3,10.2
3,10.3,直行,NAVIGATING,0.45,0.03,0.05,/top-app,1228,1920,864,3.9,15.7,10.8,8.8,0.0,17.6,0.0,8.8,2.9,2.0,42.1,1.0,17.6,22.5,2.9,21.5,82.1,59.8,40.3,0.0,30.4,0.9,29.5,15.0,2.8,106.4,5.2,50.3,18.0,6.2
3,11.3,直行,NAVIGATING,0.6,0.0,0.03,/top-app,1113,1920,2227,2.9,15.6,8.8,8.8,0.0,10.7,0.0,8.8,2.0,0.0,25.4,2.0,17.6,54.6,2.0,20.4,128.9,64.6,38.8,0.9,17.3,1.2,31.0,14.0,3.5,176.2,6.7,86.7,55.6,10.2
3,12.4,直行,NAVIGATING,0.6,0.08,0.03,/top-app,1017,1920,864,2.9,11.6,8.7,8.7,0.0,17.3,0.0,7.7,2.9,1.9,39.5,1.9,14.4,89.6,1.9,15.5,80.4,48.3,33.1,0.1,33.3,0.2,26.2,13.3,1.0,134.3,4.0,42.1,36.9,7.4
3,13.4,直行,NAVIGATING,0.6,0.02,0.03,/top-app,1017,1785,864,2.9,14.6,8.8,7.8,0.0,7.8,0.0,7.8,1.0,3.9,24.4,1.0,16.6,105.3,2.9,13.3,63.3,44.0,34.7,0.0,18.1,0.1,26.7,12.9,14.9,116.4,7.2,47.3,58.1,7.2
3,14.4,直行,NAVIGATING,0.6,0.01,0.05,/top-app,1017,1651,2092,2.0,12.7,8.8,7.8,0.0,18.6,0.0,7.8,2.0,9.8,54.7,1.0,13.7,98.6,2.0,18.3,71.6,50.7,37.4,0.8,36.5,0.7,18.6,16.3,21.2,139.3,5.4,34.2,59.7,14.7
3,15.4,直行,NAVIGATING,0.6,0.01,0.02,/top-app,1017,1785,2092,2.9,10.7,6.8,6.8,0.0,4.9,0.0,6.8,2.9,2.0,13.7,2.0,14.6,140.5,1.0,14.8,69.9,48.5,36.5,0.1,4.4,1.3,17.3,14.4,6.8,139.1,8.0,33.8,69.4,4.8
3,16.5,直行,NAVIGATING,0.59,0.22,0.03,/top-app,1017,1785,2092,2.9,10.7,6.8,7.8,0.0,16.6,0.0,7.8,2.0,0.0,37.1,1.0,12.7,158.9,2.0,14.4,64.0,41.0,43.6,0.2,32.8,0.6,14.8,15.5,1.3,118.6,7.0,38.7,44.4,7.8
3,17.5,直行,NAVIGATING,0.6,0.49,0.02,/top-app,1017,1785,2092,1.9,10.7,6.8,5.8,0.0,5.8,0.0,5.8,1.0,1.9,15.5,1.0,12.6,163.7,1.9,12.4,60.4,42.0,47.6,0.1,14.2,0.5,19.7,15.9,8.4,148.6,8.1,78.2,54.0,19.1
3,18.5,直行,NAVIGATING,0.6,0.57,0.04,/top-app,1017,1785,2092,2.9,11.6,7.7,6.7,0.0,17.3,0.0,8.7,2.9,1.0,36.6,1.9,14.4,152.2,1.9,17.0,78.7,48.4,38.2,0.9,46.2,0.3,19.0,24.7,2.9,160.4,13.7,38.7,63.4,7.9
3,19.6,直行,NAVIGATING,0.61,0.29,0.03,/top-app,1017,1785,2092,2.0,11.7,7.8,6.8,0.0,5.9,0.0,6.8,2.0,13.7,34.1,1.0,12.7,139.4,2.0,18.0,96.7,41.6,42.3,0.1,13.1,0.2,25.6,13.9,53.3,185.9,7.8,57.5,57.1,21.7
3,20.6,直行,NAVIGATING,0.6,0.04,0.04,/top-app,1017,1785,2092,2.9,12.7,7.8,7.8,0.0,16.6,1.0,7.8,2.0,0.0,39.0,1.0,14.6,127.8,1.0,17.3,74.3,42.6,41.7,0.1,32.9,0.3,17.3,15.4,0.3,125.8,8.9,31.8,72.7,7.4
3,21.6,直行,NAVIGATING,0.6,0.03,0.03,/top-app,1017,1785,2092,1.9,12.5,8.6,7.7,1.0,7.7,0.0,8.6,2.9,1.9,22.1,1.9,15.4,100.9,1.9,16.5,77.6,40.3,42.0,0.1,5.8,0.1,16.1,13.5,7.1,111.7,6.6,35.3,30.8,4.5
3,22.7,直行,NAVIGATING,0.6,0.02,0.04,/top-app,1344,1785,864,3.9,14.5,8.7,7.8,0.0,19.4,0.0,6.8,1.0,1.0,41.7,1.0,14.5,94.9,1.9,16.3,60.1,43.6,36.7,0.0,27.0,0.2,16.2,12.5,2.8,111.5,5.0,20.5,56.6,5.1
3,23.7,直行,NAVIGATING,0.6,0.01,0.03,/top-app,1017,1651,1977,2.9,14.6,8.8,8.8,0.0,7.8,0.0,8.8,2.9,5.8,19.5,1.9,18.5,86.8,2.9,20.8,111.9,59.6,53.1,0.1,13.0,0.4,28.7,17.4,17.9,140.9,6.2,66.5,72.2,7.0
3,24.7,直行,NAVIGATING,0.44,0.0,0.04,/top-app,1017,1651,1977,2.9,12.6,7.8,7.8,0.0,19.4,0.0,7.8,1.9,13.6,62.2,1.9,13.6,67.1,1.9,18.5,74.3,50.4,38.8,0.3,53.5,0.0,18.6,13.8,31.2,166.1,5.5,38.3,40.8,7.4
3,25.7,进站,NAVIGATING,0.08,0.0,0.02,/top-app,1017,1651,864,2.9,17.5,11.7,7.8,0.0,6.8,0.0,9.7,2.9,1.0,23.4,1.9,19.5,37.0,2.9,17.1,123.2,106.0,54.9,0.1,14.5,0.2,40.3,14.0,2.6,139.5,10.9,41.8,54.0,5.4
3,26.8,进站,NAVIGATING,0.14,0.05,0.03,/top-app,1017,1651,864,3.9,16.6,10.7,11.7,0.0,23.4,0.0,9.8,2.0,1.0,50.7,1.0,16.6,3.9,2.0,18.4,83.5,63.9,44.0,0.1,39.1,0.5,22.0,13.8,6.0,136.7,6.0,30.7,22.6,6.9
3,27.8,进站,NAVIGATING,0.2,0.0,0.03,/top-app,1017,1651,1977,3.9,16.6,10.7,9.8,0.0,6.8,0.0,8.8,3.9,2.0,18.5,2.0,18.5,32.2,2.0,19.9,69.6,54.7,52.3,0.1,4.5,0.0,22.5,12.2,1.1,105.3,8.7,41.6,18.1,6.6
3,28.8,进站,NAVIGATING,0.19,0.01,0.04,/top-app,1017,1651,864,2.9,16.6,9.8,7.8,0.0,26.3,0.0,9.8,2.9,2.9,50.7,2.0,18.5,40.0,2.9,19.2,106.3,55.0,38.8,0.1,49.1,1.4,28.9,17.1,5.8,148.3,9.1,26.6,34.2,8.0
3,29.8,进站,NAVIGATING,0.04,0.0,0.04,/top-app,1555,1651,1977,3.0,14.8,9.9,6.9,0.0,6.9,0.0,8.9,2.0,9.9,35.5,2.0,17.7,18.7,3.0,16.6,115.6,64.3,42.4,0.1,14.4,0.0,32.5,14.6,58.2,181.0,7.0,41.9,36.0,10.3
3,30.9,静止,NAVIGATING,0.01,0.0,0.04,/top-app,1344,1651,864,2.9,13.5,7.7,6.7,0.0,16.3,0.0,7.7,2.9,5.8,39.4,1.0,13.5,3.8,1.0,21.8,152.1,83.9,54.8,0.1,58.2,0.3,37.5,21.3,47.5,257.8,9.5,56.6,30.1,11.3
3,31.9,静止,NAVIGATING,0.0,0.0,0.05,/top-app,1017,1651,1977,1.9,11.7,8.8,6.8,1.0,5.8,1.0,7.8,1.9,0.0,14.6,1.0,15.6,2.9,2.9,22.7,134.6,77.3,54.1,0.4,42.1,0.9,33.8,25.1,1.7,159.4,5.1,49.4,25.0,8.4
3,32.9,静止,NAVIGATING,0.0,0.0,0.03,/top-app,1459,1536,864,4.9,15.5,9.7,7.8,0.0,20.4,0.0,7.8,1.9,1.9,42.8,1.9,16.5,2.9,1.9,23.5,105.9,94.9,58.7,0.1,64.5,0.0,29.4,14.9,6.4,214.0,9.1,60.9,27.0,11.3
3,34.0,静止,NAVIGATING,0.0,0.0,0.04,/top-app,1228,1536,1363,2.0,14.6,8.8,7.8,0.0,7.8,0.0,8.8,2.0,0.0,16.6,2.0,15.6,4.9,2.9,16.2,93.2,73.6,79.3,0.4,8.2,1.7,33.7,28.9,2.1,151.0,8.0,44.4,20.4,8.2
3,35.0,静止,ARRIVED,0.0,0.0,0.05,/top-app,1017,1536,864,3.9,12.5,5.8,8.7,0.0,20.2,0.0,7.7,1.9,1.9,42.4,1.0,16.4,2.9,1.0,21.5,125.5,0.0,0.0,0.5,84.3,2.8,42.7,21.1,4.0,211.2,12.2,64.2,36.5,12.1
4,1.0,转向,NAVIGATING,0.01,0.31,0.03,/top-app,1344,1536,864,2.9,15.4,10.6,7.7,0.0,7.7,0.0,8.7,3.9,16.4,44.3,1.9,16.4,3.9,1.9,20.9,73.7,75.0,55.5,0.1,5.8,0.0,26.6,19.8,14.8,148.7,6.4,32.7,28.2,8.3
4,2.0,转向,NAVIGATING,0.0,0.6,0.03,/top-app,1017,1401,864,2.9,16.4,10.6,8.7,0.0,23.1,0.0,9.6,1.9,1.9,45.3,1.9,18.3,4.8,2.9,21.1,107.1,78.2,55.3,0.2,38.1,0.1,24.0,34.3,6.1,143.9,5.7,35.2,31.9,10.0
4,3.1,转向,NAVIGATING,0.0,0.6,0.04,/top-app,1228,1536,864,3.9,16.4,11.6,8.7,0.0,11.6,0.0,8.7,3.9,1.0,27.0,1.9,19.3,16.4,1.9,24.0,105.8,83.4,51.9,0.4,19.2,0.2,33.6,13.8,6.7,134.9,7.6,59.6,19.6,9.4
4,4.1,转向,NAVIGATING,0.0,0.6,0.03,/top-app,1017,1536,864,2.9,14.4,9.6,5.8,0.0,15.4,0.0,9.6,1.9,1.9,34.6,1.0,16.4,3.8,2.9,33.2,206.3,112.0,65.0,0.3,154.8,0.3,39.9,19.0,5.5,270.0,8.7,91.0,39.7,18.1
4,5.2,转向,NAVIGATING,0.0,0.6,0.03,/top-app,1459,1536,864,2.9,18.3,11.6,9.6,0.0,14.5,0.0,9.6,2.9,1.0,31.8,1.0,21.2,4.8,1.9,21.4,100.5,83.0,56.0,0.1,27.9,0.0,32.3,37.8,3.7,139.6,6.6,64.2,26.0,10.7
4,6.2,转向,NAVIGATING,0.0,0.23,0.02,/top-app,1017,1536,864,3.8,15.4,9.6,7.7,0.0,16.3,0.0,8.6,1.9,15.4,58.6,2.9,18.2,3.8,2.9,20.2,99.1,73.6,56.3,0.1,26.2,0.5,30.3,19.2,44.9,194.2,10.4,35.3,32.2,15.8
4,7.2,静止,NAVIGATING,0.0,0.05,0.04,/top-app,1017,1536,864,2.9,17.5,11.7,8.8,1.0,16.5,0.0,10.7,3.9,1.9,35.0,1.9,20.4,4.9,2.9,20.2,157.5,82.4,81.0,0.2,22.2,0.0,29.2,25.9,1.3,157.9,8.1,62.3,27.1,16.2
4,8.3,静止,NAVIGATING,0.0,0.0,0.03,/top-app,1017,940,864,3.8,16.3,10.6,8.6,0.0,14.4,0.0,8.6,1.9,1.0,29.8,1.0,19.2,3.8,1.9,22.7,117.0,71.8,68.1,0.0,22.9,0.4,43.8,23.2,5.4,167.0,7.4,68.3,29.0,10.6
4,9.3,直行,NAVIGATING,0.24,0.04,0.03,/top-app,1017,1401,864,3.9,18.3,11.6,9.6,0.0,17.4,1.0,9.6,2.9,1.0,40.5,1.9,18.3,4.8,2.9,26.6,143.6,88.9,61.0,1.4,52.4,0.6,38.4,20.2,0.9,186.7,11.8,51.8,21.4,21.1
4,10.3,直行,NAVIGATING,0.6,0.01,0.03,/top-app,1017,1401,1708,2.9,14.6,9.7,9.7,0.0,13.6,0.0,9.7,2.9,1.9,29.1,1.9,18.4,75.7,2.9,27.1,194.3,91.8,88.0,0.2,35.1,0.0,64.3,28.2,6.6,211.7,7.6,92.4,98.6,13.8
4,11.4,直行,NAVIGATING,0.6,0.0,0.04,/top-app,1017,1401,1708,2.9,13.6,8.7,8.7,0.0,16.5,0.0,8.7,1.9,14.6,64.1,1.0,15.5,95.1,1.9,25.3,134.8,86.3,78.3,0.1,70.5,0.5,30.7,16.7,36.3,216.8,4.5,53.6,112.9,16.2
4,12.4,直行,NAVIGATING,0.6,0.01,0.03,/top-app,1017,1401,1708,3.9,14.5,9.7,7.7,1.0,9.7,1.0,8.7,1.9,4.8,20.3,1.0,16.4,126.7,1.9,21.1,118.4,67.0,62.2,0.1,34.7,0.3,41.9,18.3,18.4,203.0,8.9,89.0,85.1,13.4
4,13.4,直行,NAVIGATING,0.6,0.03,0.05,/top-app,1344,1401,1708,1.9,13.6,8.7,8.7,0.0,19.4,0.0,9.7,2.9,0.0,39.8,1.9,16.5,140.6,2.9,17.9,111.9,67.9,73.0,0.2,49.2,0.1,27.3,15.7,0.7,189.7,6.8,100.2,59.1,13.1
4,14.5,直行,NAVIGATING,0.6,0.01,0.03,/top-app,1017,1171,1708,3.9,13.5,8.7,9.6,0.0,7.7,0.0,7.7,2.9,1.9,19.3,1.9,15.4,152.2,1.0,23.8,92.3,82.5,81.4,0.1,18.3,0.0,26.5,23.0,9.9,215.9,8.0,75.4,88.7,12.7
4,15.5,直行,NAVIGATING,0.59,0.09,0.04,/top-app,1017,1401,1708,2.9,11.6,8.7,6.8,0.0,17.5,0.0,8.7,1.9,1.0,39.8,1.0,14.6,174.7,2.9,18.4,112.2,63.6,48.4,0.2,46.8,0.6,36.7,17.7,9.2,199.9,6.2,66.7,66.4,20.5
4,16.5,直行,NAVIGATING,0.59,0.47,0.04,/top-app,1017,1401,1708,1.9,11.6,7.7,7.7,0.0,6.8,0.0,6.8,1.9,4.8,19.4,1.9,14.5,180.2,1.9,21.9,106.7,80.4,69.6,0.2,13.6,0.0,34.0,19.3,27.2,213.2,8.1,76.5,105.4,10.3
4,17.6,直行,NAVIGATING,0.6,0.55,0.04,/top-app,1017,1401,1708,2.9,12.6,8.7,7.8,0.0,17.5,0.0,8.7,2.9,13.6,59.2,1.0,15.5,181.4,1.9,27.0,119.6,65.8,68.3,0.4,49.2,0.3,29.5,26.1,54.2,264.8,7.9,67.7,102.2,12.3
4,18.6,直行,NAVIGATING,0.61,0.43,0.03,/top-app,1344,1536,1843,2.9,11.6,7.8,6.8,0.0,6.8,0.0,6.8,1.0,1.0,15.5,1.0,13.6,183.5,1.9,18.4,116.1,81.2,68.5,0.6,16.8,1.7,44.2,19.5,8.4,210.6,8.6,82.9,94.3,18.5
4,19.6,直行,NAVIGATING,0.6,0.06,0.02,/top-app,1555,1536,1843,2.9,10.7,6.8,7.8,0.0,16.5,0.0,7.8,2.9,1.0,36.9,1.0,13.6,186.4,1.9,21.8,99.6,65.0,60.1,0.1,43.4,0.2,22.7,18.1,1.4,163.5,8.2,49.8,59.0,11.6
4,20.6,直行,NAVIGATING,0.6,0.03,0.04,/top-app,1555,1536,1843,2.9,11.7,7.8,6.8,0.0,6.8,0.0,6.8,1.0,1.0,15.6,1.9,13.6,179.2,1.9,26.4,128.4,90.5,63.3,0.1,16.9,0.2,49.4,15.1,7.1,191.7,8.8,88.6,136.7,14.1
4,21.7,直行,NAVIGATING,0.6,0.05,0.05,/top-app,1017,1536,1843,1.9,12.6,9.7,7.8,1.0,16.5,0.0,8.7,2.9,1.0,35.9,1.0,15.5,146.7,2.9,19.8,94.4,72.9,62.7,0.1,39.4,1.3,35.0,21.9,5.2,180.5,10.5,47.5,54.9,12.9
4,22.7,直行,NAVIGATING,0.6,0.0,0.04,/top-app,1017,1536,864,2.9,13.5,7.7,7.7,0.0,6.7,0.0,6.7,1.9,15.4,35.6,1.9,14.4,96.2,1.0,21.9,106.4,63.7,57.1,0.3,1.9,0.1,30.2,18.9,31.9,158.6,6.9,54.5,79.8,14.3
4,23.7,直行,NAVIGATING,0.52,0.03,0.04,/top-app,1017,1536,1843,3.9,13.6,9.7,7.7,0.0,21.3,0.0,9.7,2.9,1.9,48.4,1.0,17.4,80.3,2.9,14.9,95.5,60.1,51.2,0.0,47.1,0.7,33.7,18.8,7.7,196.6,8.3,46.6,55.3,10.9
4,24.8,进站,NAVIGATING,0.2,0.0,0.04,/top-app,1017,1401,864,2.9,16.6,9.7,7.8,0.0,6.8,0.0,8.8,1.9,0.0,16.6,1.9,16.6,61.3,1.9,18.1,96.7,82.0,59.5,0.1,6.2,0.0,34.7,16.8,0.9,138.4,5.0,72.3,33.5,12.6
4,25.8,静止,NAVIGATING,0.0,0.0,0.03,/top-app,1017,1536,1708,2.9,16.6,10.7,11.7,0.0,24.4,0.0,9.7,3.9,1.9,53.6,1.9,19.5,18.5,2.9,24.9,123.2,74.3,52.5,0.1,48.7,0.2,35.6,16.2,7.0,185.8,4.9,59.6,27.3,17.9
4,26.8,进站,NAVIGATING,0.2,0.04,0.03,/top-app,1017,1401,864,3.9,17.3,12.5,8.7,0.0,8.7,1.0,9.6,1.0,1.0,20.2,1.9,19.3,17.3,1.9,20.7,109.1,101.1,70.5,0.2,11.3,0.1,39.7,20.4,2.5,155.2,6.8,57.3,28.7,12.9
4,27.9,进站,NAVIGATING,0.2,0.03,0.03,/top-app,1017,1536,864,2.9,16.5,9.7,7.8,0.0,22.4,0.0,8.8,2.9,16.5,70.0,1.9,17.5,30.2,2.9,17.7,118.9,86.6,49.5,0.1,48.8,0.1,35.2,20.6,54.7,195.6,5.0,44.5,43.6,11.5
4,28.9,进站,NAVIGATING,0.07,0.01,0.02,/top-app,1017,1401,864,3.9,16.6,11.7,9.7,0.0,7.8,0.0,10.7,2.9,1.0,21.4,1.0,18.5,18.5,2.9,20.7,111.4,79.9,62.3,0.0,13.8,0.1,25.6,15.7,2.5,104.5,3.2,34.5,19.9,7.4
4,29.9,静止,NAVIGATING,0.01,0.0,0.05,/top-app,1017,1056,864,2.9,16.4,10.6,7.7,0.0,22.2,0.0,8.7,2.9,1.9,47.3,1.9,18.3,3.9,1.9,19.4,86.3,78.4,76.6,0.4,32.5,0.7,32.9,16.7,1.8,161.2,5.7,44.7,24.7,9.8
4,31.0,静止,NAVIGATING,0.0,0.0,0.05,/top-app,1344,1401,864,3.8,18.3,11.5,8.7,0.0,8.7,0.0,10.6,2.9,1.9,22.1,1.9,21.2,4.8,3.8,23.3,129.6,83.1,53.1,0.2,12.5,0.1,28.6,21.4,1.2,141.9,5.5,60.0,30.0,12.8
4,32.0,静止,NAVIGATING,0.0,0.0,0.05,/top-app,1017,1401,864,3.8,16.3,10.6,8.7,1.0,24.0,0.0,8.7,2.9,1.9,45.2,1.9,19.2,4.8,1.9,22.9,115.1,72.9,64.3,0.1,42.0,0.6,31.3,15.4,8.4,166.4,7.9,67.7,23.7,11.4
4,33.0,静止,NAVIGATING,0.0,0.01,0.03,/top-app,1113,1401,864,3.9,18.5,11.7,9.7,0.0,9.7,0.0,10.7,2.9,5.8,33.1,1.9,18.5,18.5,2.9,15.2,92.4,87.4,71.8,0.2,8.3,0.1,35.2,18.7,8.2,121.8,5.3,43.0,16.5,13.8
4,34.1,静止,NAVIGATING,0.0,0.0,0.04,/top-app,1017,1401,864,2.9,14.5,9.7,8.7,0.0,19.4,0.0,10.7,2.9,11.6,56.2,1.9,16.5,3.9,1.9,25.8,117.2,92.4,65.2,0.1,44.3,0.8,50.2,19.9,32.1,210.4,7.8,87.4,30.9,24.2
4,35.1,静止,ARRIVED,0.0,0.0,0.04,/top-app,1017,1401,864,3.9,14.5,7.7,7.7,0.0,13.6,0.0,8.7,2.9,1.9,26.1,1.9,21.3,4.8,1.0,24.5,100.8,0.0,0.0,0.1,19.4,0.1,38.3,16.9,1.8,119.3,6.4,56.1,22.7,2.7
5,1.0,转向,NAVIGATING,0.01,0.3,0.04,/top-app,1017,1401,864,3.9,17.4,10.7,8.7,0.0,21.3,0.0,9.7,1.9,1.0,44.6,1.0,19.4,4.8,2.9,21.3,90.0,69.7,62.7,0.5,36.6,0.6,30.3,27.2,6.9,162.9,8.9,34.3,22.8,12.9
5,2.0,转向,NAVIGATING,0.0,0.6,0.03,/top-app,1344,1401,864,2.9,18.2,11.5,9.6,0.0,13.4,0.0,10.6,3.8,1.0,33.6,2.9,20.2,3.8,2.9,17.5,89.0,59.7,55.4,0.1,15.3,0.0,30.2,20.7,0.3,127.4,5.4,51.5,23.3,13.9
5,3.1,转向,NAVIGATING,0.0,0.6,0.03,/top-app,1017,1536,864,3.8,17.3,11.5,7.7,0.0,18.3,0.0,9.6,2.9,1.9,38.5,1.0,19.2,4.8,1.9,26.2,111.2,78.3,55.3,0.0,35.6,0.7,42.8,20.7,6.8,177.3,6.7,57.6,24.9,10.6
5,4.1,转向,NAVIGATING,0.0,0.6,0.03,/top-app,1017,1536,864,2.9,16.4,10.6,7.7,0.0,16.4,1.0,7.7,1.9,18.3,58.7,1.9,18.3,3.8,2.9,19.5,81.1,54.7,37.2,0.3,23.8,3.8,20.8,15.8,49.4,150.9,5.9,35.2,17.8,13.3
5,5.2,转向,NAVIGATING,0.0,0.6,0.03,/top-app,1017,1286,864,3.8,16.3,10.5,9.6,1.0,15.3,0.0,9.6,2.9,1.9,34.5,1.9,18.2,4.8,2.9,24.1,104.2,62.2,43.0,0.2,16.0,0.0,32.1,15.3,6.1,143.9,5.3,41.0,24.1,12.0
5,6.2,转向,NAVIGATING,0.0,0.24,0.02,/top-app,1017,1536,864,3.9,17.4,11.6,8.7,0.0,19.3,0.0,9.6,1.9,0.0,38.6,1.9,20.3,3.9,2.9,20.6,76.8,47.1,56.5,0.1,23.3,0.1,18.0,14.3,1.2,112.1,6.6,55.7,14.7,7.8
5,7.2,静止,NAVIGATING,0.0,0.05,0.02,/top-app,1017,1536,1843,2.9,18.3,10.6,8.7,0.0,11.5,0.0,9.6,3.8,1.9,29.8,1.0,19.2,4.8,1.9,21.1,99.5,74.9,42.1,0.2,14.7,0.2,38.9,16.5,10.5,134.5,4.7,58.8,20.4,7.5
5,8.3,静止,NAVIGATING,0.0,0.0,0.04,/top-app,1228,1401,864,3.9,17.5,11.7,7.8,0.0,21.4,0.0,10.7,2.9,1.0,45.7,1.9,20.4,16.5,2.9,19.8,92.4,59.1,49.8,0.3,28.5,0.7,34.9,19.1,4.0,135.3,6.0,59.1,23.9,8.2
5,9.3,直行,NAVIGATING,0.27,0.02,0.04,/top-app,1017,1536,864,2.9,13.5,8.7,8.7,0.0,11.6,0.0,7.7,1.9,18.3,44.3,1.9,16.4,3.9,1.9,14.9,62.9,48.4,40.6,0.0,15.5,0.1,25.9,10.8,24.4,126.4,4.3,37.2,17.2,6.7
5,10.3,直行,NAVIGATING,0.6,0.01,0.04,/top-app,1017,1536,864,3.9,15.5,9.7,8.7,0.0,20.4,0.0,8.7,2.9,0.0,44.6,1.9,17.4,76.6,1.9,19.1,93.9,66.8,54.6,0.1,48.9,0.6,35.3,12.1,0.6,130.4,8.2,74.4,33.4,9.7
5,11.4,直行,NAVIGATING,0.6,0.0,0.04,/top-app,1017,1536,1843,2.9,14.6,9.7,8.7,0.0,6.8,0.0,8.7,1.9,1.9,21.4,1.0,17.5,86.5,2.9,18.6,127.4,52.2,57.9,0.1,16.5,0.0,43.8,26.2,17.6,137.5,9.3,72.3,63.4,11.7
5,12.4,直行,NAVIGATING,0.6,0.0,0.05,/top-app,1017,1536,1843,1.9,14.5,9.7,9.7,0.0,20.4,0.0,7.8,1.9,1.0,37.8,1.9,16.5,115.4,1.9,15.9,107.1,49.4,43.2,0.4,46.1,0.2,22.0,14.0,3.6,137.2,5.5,57.8,53.3,11.9
5,13.4,直行,NAVIGATING,0.6,0.02,0.03,/top-app,1017,1651,864,3.9,14.6,8.8,8.8,0.0,7.8,0.0,8.8,1.9,3.9,22.4,1.0,16.5,106.0,1.9,15.2,87.3,47.3,35.5,0.2,7.7,0.7,12.8,13.0,22.4,127.9,5.8,45.9,37.2,9.1
5,14.4,直行,NAVIGATING,0.6,0.02,0.04,/top-app,1017,1651,1977,2.9,11.7,7.8,6.8,0.0,16.6,0.0,7.8,2.9,9.8,51.7,2.0,14.6,151.3,2.9,21.3,93.1,42.4,48.6,0.1,52.3,0.7,21.2,20.7,16.9,194.0,6.9,31.1,67.6,12.1
5,15.5,直行,NAVIGATING,0.59,0.08,0.04,/top-app,1555,1651,1977,1.9,11.7,7.8,7.8,0.0,5.8,0.0,6.8,1.0,5.8,19.5,1.9,12.7,182.1,1.0,15.4,64.6,44.9,46.2,0.0,5.1,0.1,22.4,14.3,54.0,171.9,5.5,45.6,67.5,10.5
5,16.5,直行,NAVIGATING,0.59,0.45,0.02,/top-app,1555,1651,1977,1.9,9.7,6.8,5.8,0.0,15.6,1.0,7.8,1.9,1.0,35.1,1.0,12.7,183.0,1.9,12.0,68.9,46.6,43.2,0.1,35.8,0.3,19.7,14.9,5.2,134.3,5.1,40.2,53.5,12.6
5,17.5,直行,NAVIGATING,0.6,0.53,0.02,/top-app,1555,1651,1977,1.9,10.7,7.8,6.8,0.0,5.8,0.0,6.8,2.9,1.0,14.6,1.0,12.7,171.5,1.9,14.4,74.3,46.9,38.8,0.1,8.8,0.0,23.1,15.4,17.3,132.7,7.1,33.8,74.0,8.2
5,18.6,直行,NAVIGATING,0.61,0.44,0.03,/top-app,1017,1651,1977,3.8,10.6,6.7,6.7,0.0,16.3,0.0,6.7,1.9,1.0,34.6,1.0,13.5,184.6,1.9,20.3,64.5,41.9,39.8,0.1,48.8,0.4,25.7,17.0,10.7,167.3,12.2,40.1,53.5,10.4
5,19.6,直行,NAVIGATING,0.6,0.06,0.04,/top-app,1555,1651,1977,1.0,11.6,7.7,6.8,0.0,5.8,0.0,6.8,1.9,1.0,15.5,1.9,12.6,184.5,1.0,14.1,78.4,62.7,46.2,0.3,4.9,0.2,35.6,15.7,1.6,116.3,7.3,48.4,60.1,6.5
5,20.6,直行,NAVIGATING,0.6,0.02,0.04,/top-app,1017,1651,1843,2.9,10.7,7.8,6.8,0.0,16.5,0.0,6.8,1.9,14.6,53.4,0.0,13.6,179.6,2.9,13.5,80.9,57.7,46.0,0.2,62.2,0.5,30.8,10.8,36.8,210.6,5.4,60.0,73.6,9.7
5,21.7,直行,NAVIGATING,0.6,0.07,0.04,/top-app,1017,1651,1977,1.9,10.7,6.8,5.8,0.0,5.8,0.0,6.8,1.9,0.0,14.6,1.9,14.6,181.9,1.0,16.8,66.3,70.9,40.6,0.4,9.9,0.2,35.2,21.4,0.3,152.9,12.6,76.2,80.4,12.6
5,22.7,直行,NAVIGATING,0.6,0.01,0.04,/top-app,1017,1651,1977,3.9,12.7,8.8,6.8,1.0,17.5,0.0,7.8,1.9,1.9,36.1,1.0,14.6,145.2,2.9,23.6,63.3,39.3,46.8,0.3,38.2,0.3,17.1,14.1,9.3,149.6,7.1,49.0,28.6,6.0
5,23.7,直行,NAVIGATING,0.53,0.01,0.04,/top-app,1017,1536,864,1.9,13.5,8.7,7.7,0.0,6.8,0.0,7.7,1.9,0.0,20.3,1.9,16.4,109.1,1.9,22.4,100.9,48.1,43.5,0.1,7.8,0.0,25.2,18.0,2.0,141.3,6.5,61.8,69.5,11.1
5,24.7,进站,NAVIGATING,0.22,0.0,0.03,/top-app,1017,1536,864,3.9,15.6,10.7,8.8,0.0,21.4,1.0,9.7,2.9,1.0,44.8,1.0,17.5,61.4,1.9,17.4,79.5,53.4,39.1,0.1,38.8,0.4,22.3,14.8,6.0,131.4,5.6,29.1,71.3,7.3
5,25.8,静止,NAVIGATING,0.0,0.0,0.03,/top-app,1017,1536,864,2.9,14.5,9.7,10.7,0.0,6.8,0.0,7.8,1.9,16.5,43.6,1.9,15.5,22.3,1.9,15.1,53.0,54.5,44.1,0.1,2.8,2.7,24.6,14.3,19.5,113.5,7.4,29.5,18.7,5.8
5,26.8,进站,NAVIGATING,0.2,0.01,0.03,/top-app,1017,1536,864,3.8,15.4,9.6,8.6,0.0,24.0,0.0,8.6,1.9,2.9,47.0,1.9,18.2,3.8,2.9,19.9,66.2,51.4,47.3,0.1,37.7,0.1,21.4,16.4,6.0,146.3,7.0,38.2,19.4,6.1
5,27.9,进站,NAVIGATING,0.2,0.01,0.03,/top-app,1017,1536,864,2.9,16.3,10.6,8.6,0.0,6.7,0.0,9.6,3.8,0.0,20.2,1.0,17.3,54.8,1.9,18.9,79.0,66.2,64.9,0.0,5.6,0.1,27.8,20.6,2.6,123.3,5.4,75.4,29.7,10.1
5,28.9,进站,NAVIGATING,0.05,0.0,0.03,/top-app,1017,1536,864,2.9,15.4,10.6,7.7,0.0,20.2,0.0,9.6,1.9,1.9,43.3,1.9,18.3,23.1,2.9,29.1,98.3,67.0,46.5,0.0,48.6,0.1,28.1,14.9,5.5,185.0,5.4,56.8,35.7,9.5
5,29.9,静止,NAVIGATING,0.01,0.0,0.03,/top-app,1017,1286,864,2.9,14.6,8.7,6.8,0.0,10.7,0.0,6.8,2.9,1.0,20.4,1.9,16.5,3.9,1.9,26.6,122.3,78.5,45.9,0.4,33.6,0.0,35.5,20.3,3.4,149.9,6.6,57.3,26.1,8.0
5,31.0,静止,NAVIGATING,0.0,0.0,0.03,/top-app,1017,1536,864,3.9,16.5,9.7,7.8,0.0,20.4,1.0,8.7,2.9,17.5,66.0,1.0,18.4,3.9,2.9,17.4,105.9,67.0,45.8,0.2,34.7,0.8,50.7,15.6,63.7,200.5,8.4,44.8,19.4,12.3
5,32.0,静止,NAVIGATING,0.0,0.0,0.03,/top-app,1017,1536,864,2.9,16.3,11.5,9.6,1.0,13.5,0.0,9.6,2.9,2.9,28.8,1.9,19.2,4.8,2.9,24.2,105.2,53.2,46.1,0.0,16.1,0.1,21.1,19.7,2.2,154.0,6.5,73.2,16.3,8.3
5,33.0,静止,NAVIGATING,0.0,0.0,0.03,/top-app,1017,1286,864,3.8,18.2,11.5,8.6,0.0,18.2,0.0,8.6,1.9,1.0,41.2,1.9,20.1,3.8,1.0,19.6,74.8,60.2,39.6,0.4,22.2,0.3,28.9,21.6,4.4,141.9,5.6,40.8,16.7,8.1
5,34.1,静止,ARRIVED,0.0,0.0,0.03,/top-app,1017,1401,864,3.8,15.4,7.7,10.6,0.0,14.4,0.0,9.6,2.9,1.0,29.8,1.9,19.2,4.8,2.9,21.5,88.8,0.0,0.0,0.1,24.8,0.1,31.8,23.6,0.9,103.1,7.5,33.3,26.4,2.6
6,1.0,转向,NAVIGATING,0.01,0.32,0.03,/top-app,1017,1056,864,3.8,18.2,12.5,8.6,0.0,16.3,0.0,10.6,2.9,1.9,39.4,1.9,19.2,4.8,2.9,22.5,103.8,87.1,69.0,0.2,33.5,0.3,32.5,16.1,7.4,153.6,6.4,61.2,27.1,5.6
6,2.0,转向,NAVIGATING,0.0,0.6,0.03,/top-app,1017,1401,864,2.9,16.5,11.7,8.8,0.0,16.5,0.0,9.7,2.9,7.8,48.6,1.9,19.4,4.9,1.9,16.7,83.6,42.3,39.5,0.0,29.6,0.2,19.4,21.4,7.9,123.0,4.8,34.5,16.7,4.9
6,3.1,转向,NAVIGATING,0.0,0.6,0.02,/top-app,1017,1401,864,3.9,17.3,9.6,8.7,0.0,12.5,0.0,7.7,1.9,11.6,44.3,1.0,18.3,3.9,2.9,23.4,78.3,54.9,52.3,0.4,20.5,0.4,21.9,17.5,23.3,147.4,5.8,48.5,21.7,7.9
6,4.1,转向,NAVIGATING,0.0,0.6,0.04,/top-app,1017,940,864,2.9,16.4,10.6,7.7,1.0,18.3,0.0,11.6,3.9,1.9,39.5,1.9,18.3,20.2,1.9,20.4,100.3,64.4,49.0,0.1,31.7,0.0,43.3,23.8,1.0,122.5,5.4,62.5,23.8,6.6
6,5.2,转向,NAVIGATING,0.0,0.6,0.04,/top-app,1017,1401,864,3.9,16.4,10.6,8.7,0.0,11.6,0.0,9.7,2.9,1.0,29.0,1.0,20.3,3.9,2.9,15.1,111.9,66.1,52.0,0.1,26.2,0.0,35.1,17.1,3.6,141.8,5.0,60.6,22.0,6.7
6,6.2,转向,NAVIGATING,0.0,0.23,0.04,/top-app,1017,1401,864,3.8,18.3,12.5,9.6,0.0,21.2,0.0,8.7,2.9,0.0,46.2,2.9,20.2,3.8,2.9,19.3,92.9,73.4,46.1,0.5,27.4,0.4,21.3,22.4,2.2,144.3,8.8,37.8,16.7,9.9
6,7.2,静止,NAVIGATING,0.0,0.05,0.03,/top-app,1017,1401,864,3.9,17.4,11.6,7.7,0.0,10.7,0.0,9.7,2.9,2.9,26.1,1.9,19.4,4.8,2.9,28.6,87.6,79.3,64.0,0.0,23.3,0.0,22.0,18.6,11.1,148.1,7.0,37.6,24.0,6.1
6,8.3,静止,NAVIGATING,0.0,0.0,0.04,/top-app,1017,1401,1478,3.9,16.5,9.7,8.7,0.0,23.2,0.0,9.7,2.9,17.4,68.8,1.9,18.4,4.8,1.9,16.6,98.1,70.3,47.6,0.2,51.6,0.7,23.7,16.5,38.7,166.2,5.5,30.3,28.3,8.8
6,9.3,直行,NAVIGATING,0.17,0.04,0.03,/top-app,1017,1536,864,2.9,17.4,10.6,9.7,1.0,8.7,0.0,9.7,1.9,1.9,26.1,1.9,19.3,3.9,2.9,22.2,94.3,58.0,62.8,0.4,13.4,0.2,24.9,22.1,7.0,163.3,8.0,49.3,21.4,7.5
6,10.3,直行,NAVIGATING,0.6,0.01,0.04,/top-app,1017,1536,1843,2.9,15.4,10.6,8.7,0.0,20.2,0.0,7.7,2.9,1.9,44.3,1.0,17.3,59.7,1.9,15.0,73.6,78.1,58.5,0.1,45.9,0.1,35.5,16.7,1.7,173.3,5.4,44.0,41.2,6.9
6,11.4,直行,NAVIGATING,0.6,0.0,0.04,/top-app,1344,1536,1843,2.9,13.6,7.8,9.7,0.0,6.8,0.0,8.8,2.9,1.0,17.5,1.9,16.5,125.5,1.9,24.2,78.1,61.3,55.4,0.4,8.1,0.1,19.5,17.9,8.5,167.1,9.0,44.0,47.5,5.2
6,12.4,直行,NAVIGATING,0.6,0.03,0.03,/top-app,1555,1536,1843,2.9,12.6,8.7,6.8,0.0,18.5,0.0,8.7,1.0,1.0,38.8,1.9,15.5,139.8,2.9,14.1,73.6,50.7,39.5,0.2,45.5,0.5,17.0,15.1,6.3,171.7,5.5,55.3,62.7,8.8
6,13.4,直行,NAVIGATING,0.6,0.02,0.04,/top-app,1555,1536,1843,2.9,12.6,7.8,7.8,0.0,5.8,0.0,6.8,2.9,14.5,33.9,1.0,14.5,146.3,2.9,22.3,130.2,64.5,52.7,0.7,13.8,0.0,31.4,37.7,25.7,224.9,10.5,98.4,68.6,19.4
6,14.5,直行,NAVIGATING,0.6,0.01,0.03,/top-app,1113,1536,1843,1.9,10.6,8.7,7.7,0.0,18.3,1.0,9.7,1.9,1.9,40.6,1.9,13.5,180.6,1.9,23.6,121.7,69.7,50.8,0.1,64.6,0.2,46.4,18.2,15.9,223.7,12.4,68.7,118.4,18.1
6,15.5,直行,NAVIGATING,0.6,0.07,0.04,/top-app,1017,1536,1843,2.9,11.6,6.8,6.8,0.0,4.8,0.0,6.8,1.9,0.0,17.4,0.0,13.5,183.7,1.0,21.8,79.6,62.0,41.2,0.2,3.8,0.0,19.8,16.6,0.7,132.3,4.1,31.5,68.0,8.9
6,16.5,直行,NAVIGATING,0.59,0.46,0.05,/top-app,1017,1536,1843,2.9,11.7,7.8,6.8,0.0,16.5,0.0,6.8,2.9,1.9,34.1,1.9,13.6,184.9,1.9,21.0,79.3,45.9,44.7,0.2,48.2,0.6,22.2,18.5,4.1,166.1,9.4,40.2,59.4,7.8
6,17.5,直行,NAVIGATING,0.6,0.55,0.04,/top-app,1017,1536,1843,2.9,10.7,7.8,6.8,0.0,5.8,1.0,6.8,1.9,0.0,15.6,1.0,12.7,184.1,1.9,16.6,62.3,44.8,38.0,0.4,9.9,0.3,19.8,17.6,0.8,110.4,5.8,34.1,61.4,8.4
6,18.6,直行,NAVIGATING,0.61,0.44,0.04,/top-app,1017,1536,1843,1.9,11.6,7.8,7.8,0.0,17.5,0.0,7.8,1.9,12.6,53.4,1.0,14.6,179.5,1.9,17.1,79.0,64.2,52.1,0.3,34.7,0.2,35.3,14.1,54.1,235.8,9.5,36.6,94.1,7.0
6,19.6,直行,NAVIGATING,0.6,0.08,0.03,/top-app,1017,1651,1977,2.9,10.7,6.8,5.8,0.0,5.8,0.0,5.8,1.0,4.9,17.5,1.0,12.7,184.1,2.9,14.5,64.5,53.5,43.1,0.2,5.5,0.0,30.4,16.8,17.3,114.8,6.4,53.4,59.1,6.2
6,20.6,直行,NAVIGATING,0.6,0.01,0.04,/top-app,1017,1651,1977,1.9,9.7,6.8,6.8,0.0,15.6,0.0,7.8,1.9,1.9,36.0,1.9,11.7,179.1,1.0,23.4,84.1,47.2,39.7,0.2,39.1,5.4,18.6,15.5,8.2,150.4,6.0,60.3,69.0,9.0
6,21.7,直行,NAVIGATING,0.6,0.08,0.04,/top-app,1017,1651,1977,2.0,11.7,6.8,5.9,0.0,4.9,0.0,6.8,2.0,0.0,13.7,2.0,13.7,185.3,2.0,14.6,68.7,46.7,51.2,0.2,14.6,0.1,23.9,18.8,0.7,127.3,7.2,39.7,56.2,6.4
6,22.7,直行,NAVIGATING,0.6,0.01,0.02,/top-app,1017,1651,1977,2.9,10.7,6.8,6.8,0.0,16.5,0.0,6.8,1.9,1.0,31.1,1.0,13.6,180.0,1.0,23.5,80.9,54.7,49.1,0.1,37.5,0.5,33.2,13.3,12.6,165.2,6.3,63.9,102.8,8.3
6,23.7,直行,NAVIGATING,0.55,0.02,0.04,/top-app,1017,1651,1977,1.9,12.7,9.7,7.8,0.0,5.8,0.0,6.8,1.9,1.0,19.5,1.0,13.6,144.2,2.9,16.3,80.0,48.0,37.3,0.2,5.1,0.2,23.3,13.9,1.5,126.0,8.3,45.5,51.3,5.3
6,24.7,直行,NAVIGATING,0.24,0.0,0.03,/top-app,1017,1651,864,3.9,12.7,6.8,5.8,0.0,18.5,0.0,8.8,2.9,15.6,63.3,1.9,14.6,72.1,1.9,15.0,72.3,52.4,25.7,0.3,52.6,0.7,21.8,16.3,31.3,155.1,6.0,28.0,35.2,4.9
6,25.8,静止,NAVIGATING,0.0,0.0,0.03,/top-app,1017,1401,864,3.9,17.5,11.7,11.7,0.0,7.8,0.0,9.7,2.9,1.0,21.4,1.9,19.5,4.9,2.9,26.4,90.5,94.1,57.7,0.2,21.0,2.0,25.1,18.1,1.8,142.7,8.2,77.2,36.1,8.2
6,26.8,进站,NAVIGATING,0.2,0.01,0.05,/top-app,1017,1651,864,1.9,16.5,10.7,8.7,1.0,23.3,0.0,8.7,2.9,1.0,50.5,1.0,19.4,24.3,1.9,21.4,96.8,69.6,62.1,1.7,54.3,0.5,19.1,17.4,3.4,132.4,5.1,41.3,20.5,8.0
6,27.8,进站,NAVIGATING,0.2,0.01,0.04,/top-app,1344,1651,864,3.9,15.4,10.6,8.7,0.0,8.7,0.0,9.7,1.9,1.9,22.2,1.9,18.3,43.5,2.9,22.2,83.7,59.3,36.4,0.0,19.3,0.0,19.1,15.2,1.6,95.8,5.0,29.1,19.0,4.8
6,28.9,进站,NAVIGATING,0.06,0.0,0.04,/top-app,1017,1401,864,3.9,17.4,9.6,7.7,0.0,19.3,0.0,8.7,1.9,1.0,41.5,1.0,17.4,21.2,1.9,20.5,72.1,76.2,48.0,0.0,36.9,0.3,19.6,18.8,3.3,177.5,5.4,43.2,22.0,7.8
6,29.9,静止,NAVIGATING,0.01,0.0,0.03,/top-app,1017,1401,864,2.9,15.5,10.6,8.7,0.0,12.6,0.0,8.7,2.9,19.4,48.4,2.9,18.4,4.8,2.9,24.3,103.6,67.9,50.0,0.1,23.3,0.5,28.0,16.0,58.1,174.9,5.3,41.4,22.4,9.6
6,30.9,静止,NAVIGATING,0.0,0.0,0.02,/top-app,1017,1401,864,2.9,17.3,10.6,7.7,0.0,19.3,0.0,9.6,2.9,1.0,45.3,1.0,19.3,3.9,2.9,22.9,98.3,80.4,67.9,0.7,38.7,0.4,38.3,23.1,10.6,165.6,7.7,46.7,21.3,8.7
6,32.0,静止,ARRIVED,0.0,0.0,0.04,/top-app,1017,1401,864,4.8,16.4,9.6,11.5,0.0,14.4,0.0,8.7,2.9,1.0,30.8,1.9,18.3,4.8,1.0,22.3,91.0,0.0,0.0,0.0,17.2,0.0,36.5,19.2,0.5,150.1,4.7,49.0,29.2,10.3
7,1.0,静止,NAVIGATING,0.0,0.0,0.04,/top-app,1017,1401,864,2.9,17.3,11.5,8.7,0.0,17.3,1.0,10.6,2.9,1.9,39.5,1.0,20.2,4.8,3.8,20.4,72.3,55.5,48.4,0.4,24.7,1.7,26.4,15.9,3.9,142.5,9.4,39.7,17.2,7.9
7,2.0,转向,NAVIGATING,0.0,0.59,0.04,/top-app,1017,1401,864,3.9,16.4,11.6,7.7,0.0,16.4,0.0,9.6,2.9,1.0,34.7,2.9,17.3,21.2,1.9,17.7,93.1,49.9,51.1,0.1,18.9,0.1,25.8,14.5,2.0,134.1,8.9,46.8,20.5,4.7
7,3.1,转向,NAVIGATING,0.0,0.6,0.04,/top-app,1017,1401,864,2.9,14.6,9.7,7.8,0.0,13.6,0.0,8.7,1.9,18.4,55.3,1.0,16.5,3.9,2.9,17.4,67.3,42.5,40.2,0.0,24.3,0.0,19.0,14.1,28.3,148.9,6.3,29.0,19.9,8.3
7,4.1,转向,NAVIGATING,0.0,0.6,0.04,/top-app,1017,1401,864,2.9,17.4,10.6,9.7,0.0,18.4,0.0,8.7,3.9,1.0,41.6,1.9,20.3,4.8,1.9,19.1,85.8,70.3,50.4,0.3,35.6,0.6,32.5,12.7,2.1,130.1,6.0,43.8,21.7,9.3
7,5.2,转向,NAVIGATING,0.0,0.6,0.04,/top-app,1017,1401,864,3.8,17.3,12.5,8.7,0.0,13.5,0.0,10.6,1.9,1.0,30.8,1.9,20.2,3.8,2.9,23.5,79.6,61.7,55.0,0.0,17.8,0.0,48.1,14.7,5.7,132.3,8.4,42.2,18.3,6.1
7,6.2,转向,NAVIGATING,0.01,0.56,0.02,/top-app,1017,1401,864,3.8,17.3,10.6,7.7,1.0,20.2,0.0,7.7,2.9,1.9,45.2,1.9,18.3,4.8,1.9,19.8,88.1,54.3,35.5,0.0,37.9,0.6,35.5,17.0,3.5,150.9,4.7,58.8,23.9,8.1
7,7.2,转向,NAVIGATING,0.0,0.12,0.04,/top-app,1017,1401,864,3.8,17.3,11.5,8.7,1.0,11.5,0.0,9.6,2.9,4.8,27.9,1.0,21.2,3.8,2.9,23.2,96.2,56.5,51.9,0.2,19.0,0.2,27.3,15.7,28.5,180.5,11.4,59.0,23.4,6.1
7,8.3,静止,NAVIGATING,0.0,0.02,0.04,/top-app,1017,1401,864,2.9,17.4,10.7,9.7,0.0,21.3,0.0,9.7,2.9,6.8,53.3,2.9,18.4,4.8,2.9,22.0,75.0,60.8,42.6,0.1,44.1,0.3,30.4,11.5,7.2,137.1,6.6,28.7,14.1,7.3
7,9.3,静止,NAVIGATING,0.0,0.0,0.03,/top-app,1017,1401,864,3.8,16.4,10.6,7.7,0.0,6.7,0.0,8.7,1.9,11.5,36.6,1.0,18.3,3.8,2.9,26.9,137.2,71.8,60.9,0.6,10.5,0.1,43.5,18.6,79.3,218.5,8.1,80.6,18.3,13.8
7,10.3,直行,NAVIGATING,0.49,0.03,0.02,/top-app,1017,1401,864,2.9,16.5,11.7,9.7,0.0,23.3,1.0,9.7,2.9,0.0,45.7,1.9,20.4,25.3,2.9,21.0,86.7,56.3,42.7,0.4,52.8,0.4,18.6,17.4,1.7,150.1,8.3,49.3,30.2,6.0
7,11.4,直行,NAVIGATING,0.6,0.0,0.05,/top-app,1017,1401,1708,2.9,13.6,8.7,8.7,0.0,6.8,0.0,7.8,1.9,2.9,17.4,1.0,16.5,119.2,1.0,17.7,94.3,51.9,47.8,0.1,6.9,0.0,25.3,21.1,8.0,151.8,6.5,46.1,49.5,5.4
7,12.4,直行,NAVIGATING,0.6,0.08,0.01,/top-app,1555,1401,1708,2.9,13.7,8.8,7.8,0.0,18.6,0.0,9.8,2.9,1.0,43.9,2.0,14.6,167.9,2.9,19.0,87.4,50.9,40.3,0.6,54.4,0.5,30.0,15.7,3.5,165.2,7.3,53.4,60.0,12.2
7,13.4,直行,NAVIGATING,0.6,0.02,0.03,/top-app,1555,1401,1708,2.9,11.6,8.7,7.8,0.0,5.8,0.0,7.8,1.9,1.0,15.5,1.9,15.5,178.5,1.0,18.9,88.2,90.0,55.9,0.0,24.6,0.3,41.0,33.6,3.8,177.9,11.4,101.2,65.8,14.4
7,14.5,直行,NAVIGATING,0.6,0.01,0.04,/top-app,1228,1401,1708,2.9,12.6,7.7,7.7,0.0,19.3,0.0,8.7,2.9,18.4,61.8,1.0,16.4,185.5,2.9,18.0,100.6,60.5,52.6,0.1,77.4,0.4,44.8,17.4,62.3,259.0,6.0,64.0,92.4,9.6
7,15.5,直行,NAVIGATING,0.6,0.01,0.04,/top-app,1017,1401,1708,2.8,12.3,8.5,8.5,0.0,5.7,0.0,7.6,1.9,0.9,16.1,0.9,14.2,184.1,1.9,21.6,73.3,64.5,55.4,0.5,11.9,1.0,31.2,26.1,0.9,183.8,9.3,59.8,104.4,7.5
7,16.5,直行,NAVIGATING,0.59,0.28,0.03,/top-app,1017,1401,1708,1.9,11.7,7.8,6.8,0.0,18.5,0.0,6.8,1.9,1.0,40.8,1.9,14.6,183.7,1.9,17.8,90.2,49.4,45.8,0.1,55.7,0.2,19.2,15.0,8.6,191.4,9.4,81.1,83.3,8.8
7,17.6,直行,NAVIGATING,0.6,0.52,0.03,/top-app,1017,1536,1843,2.9,11.6,7.7,7.7,0.0,5.8,0.0,7.7,1.9,1.0,13.6,1.9,13.6,182.1,1.9,19.2,96.1,61.4,60.3,0.3,13.7,1.1,26.6,15.5,1.7,143.9,5.9,44.4,101.9,8.0
7,18.6,直行,NAVIGATING,0.6,0.54,0.04,/top-app,1017,1536,1843,2.9,11.7,7.8,6.8,1.0,16.5,0.0,6.8,1.9,1.0,37.0,0.0,13.6,179.1,1.9,17.9,85.9,55.8,45.4,0.2,46.2,1.2,29.6,14.8,17.3,177.9,7.0,47.6,69.0,10.3
7,19.6,直行,NAVIGATING,0.61,0.27,0.03,/top-app,1017,1536,1843,1.9,10.7,7.8,6.8,0.0,5.8,0.0,7.8,1.9,14.6,39.0,1.0,13.6,179.3,1.9,14.2,81.7,51.8,59.8,0.1,17.6,0.0,20.9,12.7,48.9,194.8,6.8,38.7,71.1,9.0
7,20.6,直行,NAVIGATING,0.6,0.01,0.02,/top-app,1017,1536,1843,2.9,10.7,7.8,6.8,0.0,15.6,0.0,6.8,1.9,1.0,36.0,1.9,14.6,179.2,1.9,15.8,64.3,48.4,34.9,0.0,31.0,0.7,17.9,12.0,10.0,140.2,5.7,42.7,58.2,7.0
7,21.7,直行,NAVIGATING,0.6,0.03,0.02,/top-app,1017,1536,1843,1.9,12.7,7.8,7.8,0.0,6.8,0.0,7.8,1.9,0.0,12.7,1.0,12.7,166.5,1.9,17.3,62.6,48.5,42.4,0.4,8.5,1.1,26.3,15.8,0.8,135.5,5.5,52.3,58.8,9.3
7,22.7,直行,NAVIGATING,0.6,0.06,0.05,/top-app,1017,1536,1843,2.9,10.7,8.8,5.8,0.0,16.6,0.0,6.8,1.9,2.9,37.0,1.9,13.6,178.2,1.9,27.0,80.7,57.8,42.3,0.0,65.3,0.2,20.8,15.0,21.2,186.0,14.0,67.6,83.3,16.9
7,23.7,直行,NAVIGATING,0.6,0.01,0.04,/top-app,1017,1536,1843,1.9,10.7,6.8,7.8,0.0,5.8,1.0,7.8,2.9,0.0,14.6,1.0,13.6,184.0,1.9,19.1,56.6,45.8,36.4,0.1,6.1,0.0,18.3,18.6,1.3,117.8,6.0,32.5,54.6,7.4
7,24.8,直行,NAVIGATING,0.42,0.01,0.03,/top-app,1017,1536,864,2.9,13.6,8.7,6.8,0.0,16.5,0.0,7.7,1.9,7.7,46.5,1.9,15.5,126.8,1.9,17.4,89.2,52.1,51.0,0.9,43.3,0.4,23.6,14.2,11.3,168.7,7.5,40.8,74.6,9.4
7,25.8,进站,NAVIGATING,0.04,0.0,0.02,/top-app,1555,1536,864,2.9,14.6,9.7,7.8,0.0,7.8,0.0,9.7,1.9,9.7,31.1,1.0,16.5,30.1,1.9,18.7,73.5,50.7,43.7,0.2,5.8,0.1,22.0,12.3,17.7,107.1,6.4,34.2,29.1,6.7
7,26.8,进站,NAVIGATING,0.18,0.05,0.04,/top-app,1017,1401,864,3.9,16.4,10.6,11.6,0.0,21.3,0.0,8.7,1.9,1.9,46.4,1.9,17.4,3.9,2.9,21.3,103.1,61.4,59.2,0.1,42.6,0.1,32.9,23.3,7.3,191.9,8.4,44.3,29.8,8.3
7,27.9,进站,NAVIGATING,0.2,0.0,0.02,/top-app,1113,1401,864,3.9,16.5,10.7,8.7,0.0,9.7,0.0,8.7,3.9,1.9,24.3,1.9,20.4,58.3,2.9,13.1,101.9,65.7,46.8,0.6,12.1,0.1,48.6,18.4,2.3,132.6,4.3,66.6,31.6,7.3
7,28.9,进站,NAVIGATING,0.17,0.01,0.05,/top-app,1017,1401,1708,2.9,15.5,9.7,7.8,0.0,20.4,0.0,9.7,1.9,1.0,42.7,1.0,17.5,45.6,1.9,20.0,77.7,64.9,34.0,0.0,37.1,0.0,25.5,16.7,7.7,146.5,7.1,46.8,22.1,11.2
7,29.9,进站,NAVIGATING,0.04,0.0,0.03,/top-app,1113,1401,864,2.9,17.5,12.6,8.7,0.0,11.6,0.0,9.7,2.9,1.0,27.2,1.9,19.4,14.6,2.9,27.8,82.1,71.0,42.2,0.0,22.0,0.1,35.8,16.3,1.7,125.2,6.2,51.9,19.5,8.4
7,31.0,静止,NAVIGATING,0.01,0.0,0.03,/top-app,1017,1401,864,3.8,15.3,9.6,8.6,0.0,18.2,0.0,8.6,2.9,17.3,62.3,1.9,17.3,3.8,1.9,18.4,83.5,53.1,45.3,0.4,31.0,0.8,27.1,19.6,58.0,174.4,8.4,46.3,23.1,12.0
7,32.0,静止,NAVIGATING,0.0,0.0,0.04,/top-app,1017,1401,864,2.9,16.4,10.6,7.7,0.0,14.4,0.0,10.6,2.9,1.9,32.7,1.9,18.3,24.0,2.9,20.5,61.1,57.6,53.9,0.1,18.4,0.6,37.5,19.2,2.0,119.6,4.9,43.3,18.5,5.8
7,33.0,静止,NAVIGATING,0.0,0.0,0.03,/top-app,1017,1401,864,3.8,17.3,10.6,8.6,0.0,17.3,0.0,9.6,2.9,0.0,38.4,1.9,17.3,3.8,1.9,25.0,69.4,51.9,56.7,0.1,35.6,0.1,33.8,19.8,7.4,147.2,5.7,32.0,26.3,8.0
7,34.1,静止,ARRIVED,0.0,0.0,0.04,/top-app,1113,1401,864,2.9,16.4,12.5,10.6,0.0,17.3,0.0,9.6,1.9,1.9,38.5,1.0,21.2,3.8,2.9,23.6,83.5,0.0,0.0,0.5,24.0,3.0,31.8,17.4,1.0,128.0,6.9,38.4,19.5,6.8
8,1.0,转向,NAVIGATING,0.01,0.36,0.05,/top-app,1017,1401,864,4.8,18.3,10.6,9.6,0.0,15.4,0.0,10.6,2.9,1.0,38.4,1.9,19.2,4.8,1.9,26.8,92.8,86.9,64.4,0.1,26.7,1.2,26.4,22.1,7.8,161.7,10.3,47.9,27.3,5.7
8,2.0,转向,NAVIGATING,0.0,0.6,0.04,/top-app,1017,1401,864,2.9,15.4,9.6,7.7,0.0,17.3,1.0,7.7,2.9,16.4,57.7,1.9,17.3,4.8,2.9,25.1,122.9,74.8,56.2,0.1,41.8,0.2,24.7,16.1,28.0,139.9,7.6,31.3,24.1,5.6
8,3.1,转向,NAVIGATING,0.0,0.6,0.04,/top-app,1017,1401,864,3.8,18.2,12.5,9.6,1.0,11.5,0.0,10.6,2.9,1.9,33.6,1.9,20.2,4.8,2.9,26.0,98.5,73.4,77.4,0.3,20.1,0.3,32.6,24.8,12.7,158.1,6.5,53.0,22.1,15.5
8,4.1,转向,NAVIGATING,0.0,0.6,0.04,/top-app,1017,1401,864,3.9,18.3,11.6,8.7,0.0,21.2,0.0,9.6,1.9,1.0,45.3,1.9,19.3,3.9,2.9,22.0,121.8,64.4,54.5,0.3,49.6,0.3,34.9,15.1,3.4,187.5,10.0,60.4,27.3,9.5
8,5.2,转向,NAVIGATING,0.0,0.6,0.04,/top-app,1017,1401,864,2.9,17.4,11.6,8.7,0.0,10.6,0.0,9.7,2.9,1.9,26.1,1.0,20.3,4.8,1.9,23.9,95.6,83.3,59.9,0.5,11.9,0.3,32.4,19.7,6.7,141.9,10.3,53.0,31.2,9.5
8,6.2,转向,NAVIGATING,0.0,0.22,0.02,/top-app,1017,1401,864,3.8,17.3,11.5,7.7,0.0,23.1,1.0,10.6,2.9,0.0,52.0,1.9,18.3,3.8,2.9,22.3,115.1,52.4,51.1,0.9,38.7,0.8,29.7,17.3,1.7,127.2,7.8,38.3,22.2,8.8
8,7.2,静止,NAVIGATING,0.0,0.05,0.04,/top-app,1017,1401,864,2.9,15.5,8.7,8.7,0.0,8.7,0.0,8.7,2.9,15.5,39.8,1.9,17.5,23.3,1.9,23.4,87.1,55.2,62.5,0.1,23.1,0.0,26.7,16.7,16.8,146.7,12.1,36.3,21.2,9.4
8,8.3,静止,NAVIGATING,0.0,0.0,0.05,/top-app,1459,1401,864,3.9,17.4,10.6,8.7,1.0,25.1,0.0,10.6,3.9,3.9,52.1,1.9,20.3,4.8,2.9,32.0,105.4,75.6,52.3,0.5,45.8,0.7,32.8,18.1,12.4,147.2,6.4,51.2,22.7,11.9
8,9.3,直行,NAVIGATING,0.2,0.04,0.04,/top-app,1017,1401,864,3.9,17.5,12.6,9.7,0.0,6.8,0.0,9.7,1.9,1.0,18.5,1.0,20.4,3.9,2.9,26.4,122.8,111.8,81.5,0.1,7.7,0.9,41.4,25.7,7.7,181.6,11.6,54.9,22.3,9.3
8,10.3,直行,NAVIGATING,0.6,0.01,0.03,/top-app,1555,1401,1708,2.9,15.5,8.7,8.7,0.0,20.4,0.0,9.7,1.9,1.9,43.7,2.9,18.4,86.4,1.9,22.4,97.3,57.8,40.7,0.0,48.8,0.3,41.6,12.4,2.4,185.7,5.7,62.8,42.8,8.4
8,11.4,直行,NAVIGATING,0.6,0.0,0.03,/top-app,1555,1401,1708,2.9,14.5,10.7,8.7,0.0,5.8,0.0,7.8,2.9,0.0,15.5,1.0,16.5,128.0,1.9,16.3,79.7,76.4,58.6,0.2,14.3,0.8,34.1,16.1,0.9,194.4,12.3,50.6,96.4,16.5
8,12.4,直行,NAVIGATING,0.6,0.01,0.03,/top-app,1017,1401,1708,2.9,11.6,6.8,7.7,0.0,17.4,0.0,8.7,2.9,2.9,42.6,1.0,15.5,171.3,1.9,21.8,83.2,56.8,46.6,0.3,55.6,0.2,23.4,19.0,27.9,225.2,8.0,80.7,62.4,13.3
8,13.4,直行,NAVIGATING,0.6,0.02,0.03,/top-app,1017,1401,1843,2.9,11.7,7.8,7.8,0.0,6.8,0.0,7.8,1.0,14.6,32.1,1.0,13.6,182.1,1.9,16.4,78.0,55.8,64.9,0.3,15.5,0.0,21.1,15.4,38.3,196.1,9.5,53.5,93.0,12.0
8,14.4,直行,NAVIGATING,0.6,0.01,0.03,/top-app,1017,1536,1843,1.9,10.7,8.7,6.8,0.0,16.5,0.0,6.8,1.9,1.0,36.9,1.9,13.6,179.8,1.9,17.9,70.1,52.7,61.1,1.3,40.0,0.9,22.2,18.2,10.4,197.4,8.4,45.5,70.0,6.5
8,15.5,直行,NAVIGATING,0.6,0.06,0.05,/top-app,1017,1536,1843,2.9,10.7,6.8,6.8,0.0,4.9,0.0,7.8,1.9,0.0,13.6,1.0,13.6,179.9,1.9,12.3,73.7,35.8,44.0,0.1,21.3,0.0,25.4,9.5,0.2,123.8,4.4,38.7,71.5,8.0
8,16.5,直行,NAVIGATING,0.59,0.45,0.02,/top-app,1017,1536,1843,1.9,10.7,6.8,6.8,0.0,16.5,0.0,6.8,2.9,1.9,38.9,1.0,13.6,182.0,1.9,20.1,81.4,52.1,51.8,0.1,52.0,0.3,19.2,19.0,7.9,175.1,7.0,59.9,48.9,13.5
8,17.5,直行,NAVIGATING,0.6,0.55,0.03,/top-app,1017,1536,1843,2.9,12.7,7.8,7.8,0.0,4.9,0.0,6.8,1.0,0.0,13.6,1.9,13.6,165.4,1.9,17.9,102.8,47.1,43.1,0.1,6.4,0.2,24.5,13.9,0.9,121.3,5.8,34.1,72.9,10.3
8,18.6,直行,NAVIGATING,0.61,0.45,0.03,/top-app,1017,1536,1843,2.9,11.7,6.8,6.8,0.0,16.5,0.0,7.8,2.9,16.5,60.2,1.0,13.6,177.8,1.9,20.6,110.6,51.6,58.5,0.2,77.9,0.5,23.8,24.3,49.3,232.6,12.4,81.9,78.4,17.7
8,19.6,直行,NAVIGATING,0.6,0.11,0.03,/top-app,1017,1536,1843,1.9,10.7,8.8,6.8,0.0,6.8,0.0,7.8,1.9,1.0,10.7,1.9,14.6,178.0,1.0,24.4,73.5,48.1,45.1,0.1,12.5,0.2,18.9,14.7,1.2,164.4,4.0,61.0,83.5,9.1
8,20.6,直行,NAVIGATING,0.6,0.02,0.04,/top-app,1017,1536,1843,2.9,10.7,7.8,6.8,0.0,15.5,1.0,6.8,1.9,1.0,36.9,1.0,12.6,179.8,1.9,17.1,80.7,62.2,46.5,0.0,41.1,0.2,28.9,14.9,15.3,178.3,12.2,48.8,72.3,8.7
8,21.6,直行,NAVIGATING,0.6,0.06,0.04,/top-app,1017,1536,1843,1.9,11.7,6.8,6.8,0.0,5.8,0.0,7.8,1.9,1.0,16.5,1.9,14.6,183.8,1.0,24.9,79.2,55.8,56.4,0.1,7.0,0.0,26.7,20.8,2.9,142.7,9.9,48.3,61.1,8.3
8,22.7,直行,NAVIGATING,0.6,0.01,0.04,/top-app,1017,1401,1708,2.9,10.7,6.8,6.8,0.0,16.5,0.0,6.8,1.9,1.0,32.1,0.0,13.6,182.6,2.9,17.4,83.4,53.5,56.3,0.1,34.0,0.3,21.9,14.6,9.6,183.1,7.8,50.5,67.8,9.7
8,23.7,直行,NAVIGATING,0.54,0.01,0.04,/top-app,1017,1401,1708,1.9,13.6,8.7,7.8,1.0,5.8,0.0,7.8,1.9,15.5,37.9,1.0,15.5,152.5,1.9,16.0,77.1,69.7,53.0,0.1,9.5,0.8,36.1,18.1,65.2,222.9,7.0,36.8,62.2,8.4
8,24.7,直行,NAVIGATING,0.23,0.0,0.05,/top-app,1017,844,864,3.9,13.6,8.7,7.8,0.0,19.4,0.0,8.7,1.9,1.9,45.6,1.9,16.5,84.5,1.9,18.0,74.7,56.4,39.6,0.0,50.1,0.2,32.4,13.5,8.2,174.1,10.6,58.4,35.4,8.0
8,25.8,静止,NAVIGATING,0.0,0.0,0.03,/top-app,1017,1401,864,2.9,18.4,11.6,10.7,0.0,9.7,0.0,9.7,2.9,1.0,27.2,1.9,19.4,4.9,2.9,36.2,97.8,63.2,62.4,0.2,16.2,0.0,28.4,21.1,1.4,131.8,8.4,46.2,31.6,5.1
8,26.8,进站,NAVIGATING,0.2,0.02,0.04,/top-app,1017,1401,864,3.9,16.4,11.6,8.7,0.0,20.3,0.0,9.7,2.9,1.9,43.5,1.9,19.3,23.2,1.9,15.7,76.1,73.5,41.3,0.6,35.3,0.4,27.7,24.1,7.9,153.6,6.7,33.6,25.9,6.8
8,27.8,进站,NAVIGATING,0.2,0.02,0.04,/top-app,1555,1401,864,3.9,16.4,9.6,9.6,1.0,13.5,0.0,10.6,2.9,1.0,25.1,1.9,20.3,67.5,2.9,28.3,79.7,48.6,60.3,0.3,40.8,0.3,34.8,17.5,2.6,179.6,4.7,87.2,68.6,10.0
8,28.9,进站,NAVIGATING,0.07,0.0,0.04,/top-app,1017,1401,864,2.9,15.5,10.6,6.8,0.0,17.4,0.0,9.7,2.9,7.7,51.2,1.0,17.4,29.0,2.9,23.4,131.8,77.9,58.7,0.0,26.1,0.6,29.6,22.0,11.9,212.2,8.4,91.4,67.6,17.9
8,29.9,静止,NAVIGATING,0.01,0.0,0.04,/top-app,1017,1401,864,3.9,17.4,10.6,9.6,0.0,13.5,0.0,8.7,2.9,11.6,46.3,1.9,18.3,3.9,1.9,23.5,104.7,70.4,56.7,0.2,33.6,1.0,33.1,21.1,16.2,151.4,9.0,47.8,24.2,9.7
8,30.9,静止,NAVIGATING,0.0,0.0,0.04,/top-app,1017,1401,864,2.9,17.4,10.6,7.7,0.0,17.4,0.0,9.6,2.9,0.0,32.8,1.9,20.2,5.8,2.9,22.0,85.1,68.6,56.7,0.3,39.5,1.3,35.5,23.9,24.8,155.8,9.6,47.1,24.5,7.8
8,32.0,静止,NAVIGATING,0.0,0.0,0.04,/top-app,1017,1401,864,3.9,18.3,11.6,9.6,0.0,16.4,1.0,9.6,1.9,1.9,41.4,1.9,19.3,3.9,1.9,16.8,105.0,82.3,46.6,0.1,27.6,0.4,24.1,14.7,2.1,130.8,5.0,33.8,19.5,5.4
8,33.0,静止,NAVIGATING,0.0,0.01,0.03,/top-app,1017,1171,864,3.8,16.4,10.6,7.7,0.0,16.4,0.0,10.6,3.8,4.8,36.6,1.9,19.2,4.8,2.9,20.6,88.3,58.8,43.8,0.3,22.1,0.4,26.2,18.4,44.1,125.9,7.7,26.6,19.9,10.0
8,34.1,静止,ARRIVED,0.0,0.0,0.04,/top-app,1017,1401,864,3.9,16.4,10.6,11.6,0.0,19.3,0.0,8.7,1.9,1.0,39.5,1.9,18.3,3.9,1.9,16.4,111.0,0.0,0.0,0.0,29.3,0.6,30.2,21.7,0.9,123.7,6.8,48.2,18.1,9.1
