task,t,v,lat_mm,head_deg,wz_dps,loc_lat_mm,loc_yaw_deg
0,1791162386.78,0.60,0.0,0.00,-0.0,-0.0,-0.00
0,1791162386.96,0.60,0.0,0.00,0.0,-0.0,-0.00
0,1791162387.22,0.60,0.0,0.00,0.0,-0.0,-0.00
0,1791162387.36,0.60,0.0,0.00,0.0,-0.0,-0.00
0,1791162387.60,0.60,0.0,0.00,0.0,-0.0,-0.00
0,1791162387.76,0.60,0.0,0.00,0.0,-0.0,-0.01
0,1791162387.96,0.60,0.0,0.01,0.0,-0.0,-0.01
0,1791162388.17,0.60,0.0,0.01,-0.0,-0.0,-0.00
0,1791162388.45,0.60,0.0,0.02,0.6,-10.0,-0.01
0,1791162388.58,0.60,-0.1,0.41,2.2,-9.3,0.11
0,1791162388.76,0.60,1.2,0.70,1.0,-9.2,0.06
0,1791162389.07,0.60,4.1,0.53,-2.5,0.0,-0.10
0,1791162389.21,0.60,4.6,0.22,-2.1,-0.2,-0.01
0,1791162389.38,0.60,4.7,-0.10,-1.3,-0.2,-0.03
0,1791162389.61,0.60,4.2,-0.29,-0.6,-0.3,-0.02
0,1791162389.80,0.60,3.5,-0.36,-0.2,-0.3,-0.01
0,1791162389.99,0.60,2.7,-0.36,0.1,-0.3,0.00
0,1791162390.20,0.60,1.9,-0.33,0.2,-0.3,0.01
0,1791162390.37,0.60,1.2,-0.27,0.3,-10.1,0.01
0,1791162390.68,0.60,0.4,0.02,2.7,-9.6,0.13
0,1791162390.78,0.60,0.9,0.46,1.9,-9.4,0.08
0,1791162390.99,0.60,2.3,0.69,0.7,-5.9,0.04
0,1791162391.27,0.60,4.7,0.29,-2.4,-0.1,-0.13
0,1791162391.41,0.60,4.9,0.03,-1.7,-0.2,-0.08
0,1791162391.58,0.60,4.6,-0.22,-0.9,-0.2,-0.04
0,1791162391.81,0.58,3.9,-0.35,-0.3,-0.3,-0.02
0,1791162391.99,0.54,3.2,-0.38,-0.0,-0.3,-0.01
0,1791162392.24,0.48,2.4,-0.37,0.2,-0.1,-0.00
0,1791162392.38,0.43,1.9,-0.33,0.2,-0.2,0.00
0,1791162392.58,0.38,1.5,-0.31,0.0,-0.9,-0.04
0,1791162392.78,0.31,1.1,-0.30,0.0,-4.3,-0.21
0,1791162392.99,0.22,0.8,-0.30,0.0,-4.5,-0.21
1,1791162410.28,0.31,-1.6,-2.54,-0.1,-12.2,1.16
1,1791162410.49,0.43,-5.3,-2.19,2.4,-14.1,1.29
1,1791162410.71,0.54,-8.8,-1.76,1.7,-16.4,1.24
1,1791162410.94,0.59,-12.0,-1.47,1.1,-18.8,1.23
1,1791162411.08,0.60,-14.7,-1.30,0.7,-21.2,1.21
1,1791162411.29,0.60,-17.3,-1.21,0.3,-23.7,1.20
1,1791162411.56,0.60,-19.9,-1.19,0.0,-26.3,1.18
1,1791162411.72,0.60,-22.3,-1.20,-0.1,-28.7,1.18
1,1791162411.90,0.60,-24.9,-1.24,-0.2,-31.2,1.18
1,1791162412.10,0.60,-27.5,-1.29,-0.2,-33.7,1.18
1,1791162412.29,0.60,-30.1,-1.33,-0.2,-36.0,1.18
1,1791162412.57,0.60,-32.9,-1.37,-0.2,-38.4,1.18
1,1791162412.69,0.60,-35.9,-1.41,-0.2,-41.0,1.18
1,1791162412.90,0.60,-38.9,-1.44,-0.1,-43.5,1.19
1,1791162413.10,0.60,-42.3,-1.31,2.8,-14.3,-0.12
1,1791162413.29,0.60,-45.4,-0.09,9.5,-15.8,0.25
1,1791162413.58,0.60,-43.9,1.52,6.2,-15.2,0.17
1,1791162413.78,0.60,-37.8,2.59,2.4,-10.6,0.14
1,1791162413.89,0.60,-33.6,2.86,0.9,-10.6,0.12
1,1791162414.21,0.60,-24.3,2.56,-1.8,-10.5,0.01
1,1791162414.57,0.60,-16.8,1.84,-2.5,-1.2,-0.16
1,1791162414.75,0.60,-15.0,1.62,-1.1,-0.8,0.01
1,1791162414.99,0.60,-11.3,1.56,-0.4,-1.2,0.02
1,1791162415.15,0.60,-7.9,1.38,-1.3,-10.9,-0.05
1,1791162415.32,0.60,-4.7,0.70,-3.5,-9.9,-0.17
1,1791162415.59,0.60,-3.9,0.01,-1.8,-4.4,-0.21
1,1791162415.82,0.60,-4.5,-0.05,1.3,4.6,-0.32
1,1791162415.96,0.60,-4.7,0.33,2.9,4.7,-0.23
1,1791162416.18,0.60,-3.4,0.80,1.1,2.3,-0.19
1,1791162416.45,0.59,0.1,-0.13,-7.0,-1.4,-0.42
1,1791162416.54,0.59,0.4,-0.91,-10.0,-0.6,-0.47
1,1791162416.71,0.59,-2.0,-3.35,-15.0,1.8,-0.59
1,1791162416.92,0.59,-11.1,-6.96,-19.2,4.4,-0.62
1,1791162417.15,0.59,-29.8,-11.61,-22.9,10.9,-1.32
1,1791162417.31,0.59,-51.9,-15.70,-25.0,13.2,-1.24
1,1791162419.31,0.61,11.2,14.74,-32.4,20.6,-2.14
1,1791162419.53,0.62,37.0,9.05,-24.6,22.9,-2.12
1,1791162419.74,0.60,52.2,4.58,-21.6,19.4,-1.60
1,1791162419.92,0.61,57.8,0.91,-14.4,22.5,-1.07
1,1791162420.21,0.60,56.6,-1.17,-7.4,17.8,-1.04
1,1791162420.31,0.60,52.7,-2.39,-4.7,17.1,-0.46
1,1791162420.52,0.60,46.5,-2.97,-1.2,15.0,-0.26
1,1791162420.76,0.60,39.9,-3.25,-1.9,9.9,-0.02
1,1791162420.92,0.60,33.0,-3.36,0.6,9.7,0.07
1,1791162421.22,0.60,26.0,-3.14,0.7,-10.2,0.45
1,1791162421.32,0.60,20.3,-3.47,-2.9,-9.9,0.37
1,1791162421.52,0.60,12.3,-3.67,0.3,-10.2,0.47
1,1791162421.89,0.60,2.2,-3.46,0.6,-16.2,0.69
1,1791162421.96,0.60,-3.3,-3.32,1.4,-18.8,0.67
1,1791162422.32,0.60,-10.2,-2.93,2.6,-13.0,0.48
1,1791162422.37,0.60,-17.1,-1.89,5.0,-13.1,0.46
1,1791162422.57,0.60,-19.9,-1.07,3.8,-14.1,0.40
1,1791162422.83,0.60,-21.9,-0.15,5.0,-6.2,0.19
1,1791162422.96,0.60,-21.6,0.60,3.6,-6.4,0.03
1,1791162423.27,0.60,-19.5,1.11,1.7,-6.9,0.06
1,1791162423.36,0.60,-16.9,1.35,0.8,-6.4,-0.02
1,1791162423.56,0.60,-13.9,1.35,-0.5,-5.8,-0.07
1,1791162423.93,0.60,-10.1,1.11,-1.0,-5.9,-0.15
1,1791162423.99,0.60,-8.5,0.94,-1.1,-5.2,-0.10
1,1791162424.27,0.60,-6.2,0.66,-1.0,-4.7,-0.08
1,1791162424.36,0.60,-5.4,0.53,-0.9,-4.7,-0.10
1,1791162424.57,0.54,-4.5,0.38,-0.7,-4.6,-0.11
1,1791162424.77,0.49,-3.9,0.28,-0.1,-1.0,-0.23
1,1791162424.96,0.44,-3.6,0.37,0.7,0.4,-0.26
1,1791162425.19,0.40,-2.9,0.48,0.2,0.8,-0.27
1,1791162425.36,0.34,-2.3,0.49,0.0,1.1,-0.28
1,1791162425.56,0.26,-1.8,0.49,0.0,1.4,-0.28
2,1791162443.46,0.33,-0.3,0.59,-0.7,-3.3,-1.29
2,1791162443.70,0.45,0.1,0.81,1.7,-4.5,-1.16
2,1791162443.87,0.54,1.8,1.10,1.2,-6.6,-1.21
2,1791162444.08,0.59,4.1,1.29,0.8,-8.9,-1.23
2,1791162444.29,0.60,7.4,1.43,0.4,-11.9,-1.23
2,1791162444.46,0.60,10.2,1.48,0.2,-14.2,-1.23
2,1791162444.69,0.60,13.2,1.50,0.0,-16.7,-1.24
2,1791162444.86,0.60,16.3,1.49,-0.1,-19.3,-1.24
2,1791162445.06,0.60,19.6,1.46,-0.2,-22.1,-1.24
2,1791162445.33,0.60,23.4,1.42,-0.2,-25.4,-1.24
2,1791162445.47,0.60,25.6,1.40,-0.2,-27.3,-1.24
2,1791162445.69,0.60,28.3,1.37,-0.1,-29.8,-1.24
2,1791162445.87,0.60,31.4,1.34,-0.1,-32.6,-1.24
2,1791162446.06,0.60,34.1,1.33,-0.1,-35.1,-1.24
2,1791162446.34,0.60,37.2,1.28,-1.2,-30.7,-0.24
2,1791162446.49,0.60,40.1,0.59,-4.1,-32.1,-0.25
2,1791162446.79,0.60,40.5,-0.06,-2.5,-21.7,-0.14
2,1791162446.98,0.60,40.4,-0.96,-5.9,-13.1,0.07
2,1791162447.08,0.60,37.4,-1.85,-3.2,-14.0,-0.20
2,1791162447.47,0.60,29.8,-2.24,0.0,-15.2,-0.08
2,1791162447.66,0.60,25.7,-2.08,1.4,-15.9,0.09
2,1791162447.87,0.60,21.7,-1.74,2.0,-15.5,0.14
2,1791162448.15,0.60,17.9,-1.26,2.1,-14.1,0.00
2,1791162448.25,0.60,15.4,-0.83,1.8,-13.0,-0.09
2,1791162448.54,0.60,13.9,-0.51,1.1,-11.6,-0.07
2,1791162448.85,0.60,13.1,-0.34,0.8,-11.1,-0.08
2,1791162449.14,0.60,12.4,-0.22,-0.2,-7.8,-0.13
2,1791162449.27,0.60,11.8,-0.39,-0.8,-7.6,-0.07
2,1791162449.56,0.60,10.9,-0.75,-2.9,-8.3,-0.30
2,1791162449.68,0.59,9.1,-1.84,-6.6,-8.9,-0.17
2,1791162450.02,0.59,5.6,-3.51,-11.3,-24.6,-3.37
2,1791162450.07,0.59,-5.0,-6.93,-17.3,-18.2,-0.88
2,1791162450.38,0.59,-21.0,-10.86,-21.6,-23.4,-0.96
2,1791162452.58,0.61,30.7,11.99,-25.7,29.5,-2.81
2,1791162452.68,0.61,43.6,9.29,-23.5,34.6,-1.96
2,1791162452.95,0.61,60.8,4.54,-18.3,26.6,-1.73
2,1791162453.08,0.61,67.1,1.36,-15.3,26.5,-1.07
2,1791162453.38,0.61,67.0,-1.08,-9.4,23.6,-0.72
2,1791162453.54,0.60,63.5,-2.52,-7.2,13.7,-0.40
2,1791162453.68,0.60,56.1,-3.91,-5.0,12.8,-0.31
2,1791162453.93,0.60,47.1,-4.36,-0.5,14.8,-0.07
2,1791162454.17,0.60,35.9,-4.06,2.4,12.9,0.12
2,1791162454.41,0.60,26.9,-3.41,3.1,7.7,0.43
2,1791162454.53,0.60,22.5,-3.07,2.1,1.9,0.52
2,1791162454.68,0.60,17.0,-2.85,0.3,-2.6,0.47
2,1791162454.89,0.60,10.8,-2.79,0.6,-6.0,0.49
2,1791162455.09,0.60,5.0,-2.63,0.9,-9.5,0.51
2,1791162455.42,0.60,-3.0,-2.30,1.4,-11.6,0.57
2,1791162455.49,0.60,-5.4,-2.14,1.7,-12.8,0.53
2,1791162455.66,0.60,-9.6,-1.79,1.8,-14.3,0.51
2,1791162455.95,0.60,-13.6,-1.34,2.6,-9.0,0.36
2,1791162456.10,0.60,-15.9,-0.78,3.9,-2.5,0.34
2,1791162456.29,0.60,-17.0,0.08,4.2,-1.6,0.20
2,1791162456.46,0.60,-16.2,0.81,3.4,1.1,-0.01
2,1791162456.66,0.60,-13.8,1.33,1.8,1.2,-0.02
2,1791162456.86,0.60,-10.6,1.52,0.3,1.5,-0.04
2,1791162457.09,0.60,-7.2,1.48,-0.6,1.6,-0.07
2,1791162457.34,0.60,-4.2,1.30,-1.1,1.1,-0.15
2,1791162457.48,0.59,-1.5,1.05,-1.2,2.1,-0.11
2,1791162457.72,0.55,0.6,0.79,-1.1,2.4,-0.11
2,1791162457.88,0.50,1.7,0.62,-0.9,2.6,-0.09
2,1791162458.07,0.44,2.6,0.45,-0.7,2.8,-0.08
2,1791162458.27,0.40,3.1,0.35,-0.2,2.8,-0.07
2,1791162458.47,0.33,3.5,0.34,-0.0,2.9,-0.07
2,1791162458.72,0.26,3.9,0.34,-0.0,3.0,-0.07
3,1791162477.23,0.32,1.5,0.39,-1.2,1.8,-1.31
3,1791162477.40,0.44,1.5,0.55,1.8,0.6,-1.19
3,1791162477.59,0.54,2.7,0.88,1.4,-1.5,-1.20
3,1791162477.80,0.59,4.7,1.12,1.0,-3.9,-1.21
3,1791162478.02,0.60,7.3,1.26,0.5,-6.5,-1.22
3,1791162478.24,0.60,10.2,1.34,0.2,-9.2,-1.23
3,1791162478.40,0.60,12.9,1.35,0.0,-11.7,-1.24
3,1791162478.61,0.60,15.7,1.34,-0.1,-14.2,-1.24
3,1791162478.82,0.60,18.5,1.31,-0.2,-16.9,-1.24
3,1791162479.02,0.60,21.2,1.28,-0.2,-19.4,-1.25
3,1791162479.25,0.60,24.1,1.24,-0.2,-22.3,-1.24
3,1791162479.41,0.60,26.4,1.21,-0.1,-24.7,-1.24
3,1791162479.61,0.60,28.9,1.19,-0.1,-27.3,-1.24
3,1791162479.83,0.60,31.1,1.17,-0.1,-29.6,-1.24
3,1791162480.04,0.60,33.8,1.15,-0.1,-31.9,-1.12
3,1791162480.24,0.60,36.9,0.91,-3.5,-27.7,-0.12
3,1791162480.43,0.60,38.3,0.18,-3.6,-28.4,-0.23
3,1791162480.64,0.60,37.9,-0.37,-2.0,-28.8,-0.20
3,1791162480.82,0.60,36.7,-0.67,-0.9,-28.7,-0.09
3,1791162481.04,0.60,35.0,-0.75,-0.0,-19.0,-0.07
3,1791162481.27,0.60,33.8,-0.94,-3.3,-0.1,-0.43
3,1791162481.41,0.60,31.9,-2.01,-5.6,-1.4,-0.35
3,1791162481.75,0.60,26.0,-2.73,-1.7,-5.5,-0.21
3,1791162482.08,0.60,17.9,-2.74,1.2,-3.3,0.08
3,1791162482.14,0.60,10.9,-2.23,3.3,-10.9,0.06
3,1791162482.37,0.60,6.5,-1.30,4.8,-10.4,0.27
3,1791162482.55,0.60,4.7,-0.54,3.3,-9.8,0.09
3,1791162482.76,0.60,4.3,-0.02,2.1,-9.8,0.06
3,1791162482.99,0.60,4.7,0.30,1.1,-9.7,0.03
3,1791162483.34,0.60,6.4,0.18,-3.2,-4.6,-0.35
3,1791162483.37,0.60,7.1,-0.63,-7.2,-2.1,-0.34
3,1791162483.63,0.59,4.9,-3.22,-14.4,-3.5,0.10
3,1791162483.85,0.59,-5.6,-7.29,-19.5,-5.6,-0.59
3,1791162484.04,0.59,-15.7,-10.04,-22.6,-7.3,-0.91
3,1791162486.33,0.61,31.4,14.31,-28.8,-36.9,-3.36
3,1791162486.52,0.61,58.8,8.53,-23.9,-44.4,-2.41
3,1791162486.73,0.61,72.2,4.53,-18.4,-46.9,-2.26
3,1791162487.00,0.61,78.3,1.55,-12.3,-48.2,-1.85
3,1791162487.17,0.60,78.9,-0.70,-6.5,-48.4,-1.17
3,1791162487.53,0.60,73.6,-2.14,-3.1,-43.9,-0.69
3,1791162487.61,0.60,70.1,-2.47,-1.8,-41.1,-0.49
3,1791162487.86,0.60,63.7,-2.75,-0.7,-36.8,-0.25
3,1791162488.10,0.60,58.4,-2.83,-0.3,-32.7,-0.12
3,1791162488.24,0.60,51.5,-2.88,-0.2,-26.5,0.12
3,1791162488.45,0.60,44.9,-2.92,-0.3,-20.3,0.21
3,1791162488.69,0.60,38.5,-3.00,-0.5,-13.9,0.35
3,1791162488.93,0.60,33.1,-3.09,-0.6,-7.6,0.43
3,1791162489.08,0.60,26.9,-3.23,-0.8,-2.7,0.50
3,1791162489.33,0.60,19.2,-3.26,0.8,-6.2,0.62
3,1791162489.49,0.60,12.7,-2.94,2.3,-5.6,0.71
3,1791162489.61,0.60,7.3,-2.41,3.3,-3.5,0.48
3,1791162489.88,0.60,1.3,-1.43,3.5,-4.8,0.44
3,1791162490.00,0.60,-0.4,-1.00,3.3,-5.0,0.34
3,1791162490.21,0.60,-2.0,-0.39,2.7,-5.6,0.30
3,1791162490.40,0.60,-2.3,0.08,2.1,-6.5,0.23
3,1791162490.60,0.60,-1.8,0.43,1.5,-7.5,0.17
3,1791162490.83,0.60,-0.6,0.68,1.1,-8.7,0.10
3,1791162490.99,0.60,1.0,0.86,0.8,-10.7,-0.02
3,1791162491.23,0.60,3.2,1.01,0.6,-12.3,-0.07
3,1791162491.39,0.57,5.1,1.07,0.0,-12.8,-0.09
3,1791162491.60,0.52,7.1,1.03,-0.4,-12.8,-0.11
3,1791162491.83,0.47,9.0,0.93,-0.5,-16.4,-0.26
3,1791162492.05,0.41,10.4,0.94,0.4,-17.8,-0.29
3,1791162492.21,0.36,11.7,0.97,0.0,-18.2,-0.30
3,1791162492.39,0.28,12.7,0.97,0.0,-18.5,-0.30
3,1791162492.59,0.20,13.5,0.97,0.0,-18.8,-0.30
3,1791162494.59,0.20,15.0,-1.13,-3.4,-17.1,-0.20
3,1791162494.81,0.20,13.9,-1.64,-2.1,-17.2,-0.19
